sentiment_fact_key,date_key,event_key,sentiment_key,sentiment_score,polarity,content_count
1,20230101,1,1,0.176,1,14
2,20230101,1,2,0.176,0,14
3,20230101,1,3,0.176,-1,7
4,20230101,1,1,0.241,1,88
5,20230101,1,2,0.241,0,73
6,20230101,1,3,0.241,-1,39
7,20230101,1,1,0.212,1,125
8,20230101,1,2,0.212,0,107
9,20230101,1,3,0.212,-1,58
10,20230101,1,1,-0.107,1,78
11,20230101,1,2,-0.107,0,100
12,20230101,1,3,-0.107,-1,66
13,20230101,1,1,0.013,1,114
14,20230101,1,2,0.013,0,123
15,20230101,1,3,0.013,-1,77
16,20230201,1,1,0.282,1,283
17,20230201,1,2,0.282,0,222
18,20230201,1,3,0.282,-1,116
19,20230201,1,1,0.277,1,95
20,20230201,1,2,0.277,0,76
21,20230201,1,3,0.277,-1,39
22,20230201,1,1,0.167,1,130
23,20230201,1,2,0.167,0,117
24,20230201,1,3,0.167,-1,66
25,20230201,1,1,0.072,1,98
26,20230201,1,2,0.072,0,99
27,20230201,1,3,0.072,-1,59
28,20230201,1,1,0.17,1,133
29,20230201,1,2,0.17,0,119
30,20230201,1,3,0.17,-1,67
31,20230301,1,1,0.353,1,617
32,20230301,1,2,0.353,0,448
33,20230301,1,3,0.353,-1,221
34,20230301,1,1,0.312,1,100
35,20230301,1,2,0.312,0,77
36,20230301,1,3,0.312,-1,39
37,20230301,1,1,0.281,1,148
38,20230301,1,2,0.281,0,117
39,20230301,1,3,0.281,-1,61
40,20230301,1,1,-0.021,1,90
41,20230301,1,2,-0.021,0,102
42,20230301,1,3,-0.021,-1,65
43,20230301,1,1,0.149,1,137
44,20230301,1,2,0.149,0,127
45,20230301,1,3,0.149,-1,72
46,20230401,1,1,0.269,1,876
47,20230401,1,2,0.269,0,696
48,20230401,1,3,0.269,-1,370
49,20230401,1,1,0.264,1,102
50,20230401,1,2,0.264,0,82
51,20230401,1,3,0.264,-1,43
52,20230401,1,1,0.284,1,146
53,20230401,1,2,0.284,0,114
54,20230401,1,3,0.284,-1,60
55,20230401,1,1,0.141,1,106
56,20230401,1,2,0.141,0,99
57,20230401,1,3,0.141,-1,57
58,20230401,1,1,0.181,1,146
59,20230401,1,2,0.181,0,129
60,20230401,1,3,0.181,-1,72
61,20230501,1,1,0.399,1,1260
62,20230501,1,2,0.399,0,872
63,20230501,1,3,0.399,-1,412
64,20230501,1,1,0.279,1,97
65,20230501,1,2,0.279,0,78
66,20230501,1,3,0.279,-1,40
67,20230501,1,1,0.303,1,158
68,20230501,1,2,0.303,0,123
69,20230501,1,3,0.303,-1,62
70,20230501,1,1,0.179,1,116
71,20230501,1,2,0.179,0,103
72,20230501,1,3,0.179,-1,58
73,20230501,1,1,0.294,1,160
74,20230501,1,2,0.294,0,124
75,20230501,1,3,0.294,-1,64
76,20230601,1,1,0.363,1,1479
77,20230601,1,2,0.363,0,1061
78,20230601,1,3,0.363,-1,520
79,20230601,1,1,0.418,1,110
80,20230601,1,2,0.418,0,77
81,20230601,1,3,0.418,-1,34
82,20230601,1,1,0.254,1,143
83,20230601,1,2,0.254,0,117
84,20230601,1,3,0.254,-1,62
85,20230601,1,1,0.088,1,107
86,20230601,1,2,0.088,0,105
87,20230601,1,3,0.088,-1,63
88,20230601,1,1,0.187,1,155
89,20230601,1,2,0.187,0,137
90,20230601,1,3,0.187,-1,76
91,20230701,1,1,0.355,1,1560
92,20230701,1,2,0.355,0,1129
93,20230701,1,3,0.355,-1,557
94,20230701,1,1,0.406,1,112
95,20230701,1,2,0.406,0,78
96,20230701,1,3,0.406,-1,36
97,20230701,1,1,0.295,1,146
98,20230701,1,2,0.295,0,114
99,20230701,1,3,0.295,-1,59
100,20230701,1,1,0.226,1,116
101,20230701,1,2,0.226,0,97
102,20230701,1,3,0.226,-1,53
103,20230701,1,1,0.247,1,152
104,20230701,1,2,0.247,0,125
105,20230701,1,3,0.247,-1,67
106,20230801,1,1,0.323,1,1649
107,20230801,1,2,0.323,0,1234
108,20230801,1,3,0.323,-1,628
109,20230801,1,1,0.355,1,100
110,20230801,1,2,0.355,0,74
111,20230801,1,3,0.355,-1,36
112,20230801,1,1,0.398,1,152
113,20230801,1,2,0.398,0,106
114,20230801,1,3,0.398,-1,49
115,20230801,1,1,0.132,1,109
116,20230801,1,2,0.132,0,103
117,20230801,1,3,0.132,-1,59
118,20230801,1,1,0.227,1,144
119,20230801,1,2,0.227,0,120
120,20230801,1,3,0.227,-1,66
121,20230901,1,1,0.317,1,1641
122,20230901,1,2,0.317,0,1237
123,20230901,1,3,0.317,-1,632
124,20230901,1,1,0.3,1,91
125,20230901,1,2,0.3,0,70
126,20230901,1,3,0.3,-1,36
127,20230901,1,1,0.295,1,145
128,20230901,1,2,0.295,0,113
129,20230901,1,3,0.295,-1,58
130,20230901,1,1,0.111,1,97
131,20230901,1,2,0.111,0,93
132,20230901,1,3,0.111,-1,55
133,20230901,1,1,0.192,1,135
134,20230901,1,2,0.192,0,118
135,20230901,1,3,0.192,-1,66
136,20231001,1,1,0.442,1,1738
137,20231001,1,2,0.442,0,1149
138,20231001,1,3,0.442,-1,520
139,20231001,1,1,0.407,1,99
140,20231001,1,2,0.407,0,69
141,20231001,1,3,0.407,-1,31
142,20231001,1,1,0.347,1,142
143,20231001,1,2,0.347,0,105
144,20231001,1,3,0.347,-1,51
145,20231001,1,1,0.185,1,101
146,20231001,1,2,0.185,0,89
147,20231001,1,3,0.185,-1,50
148,20231001,1,1,0.187,1,131
149,20231001,1,2,0.187,0,116
150,20231001,1,3,0.187,-1,64
151,20231101,1,1,0.412,1,1552
152,20231101,1,2,0.412,0,1059
153,20231101,1,3,0.412,-1,494
154,20231101,1,1,0.363,1,16
155,20231101,1,2,0.363,0,14
156,20231101,1,3,0.363,-1,5
157,20231101,1,1,0.224,1,121
158,20231101,1,2,0.224,0,102
159,20231101,1,3,0.224,-1,56
160,20231101,1,1,0.113,1,86
161,20231101,1,2,0.113,0,82
162,20231101,1,3,0.113,-1,48
163,20231101,1,1,0.267,1,130
164,20231101,1,2,0.267,0,104
165,20231101,1,3,0.267,-1,55
166,20231201,1,1,0.374,1,1384
167,20231201,1,2,0.374,0,982
168,20231201,1,3,0.374,-1,476
169,20231201,1,1,0.245,1,305
170,20231201,1,2,0.245,0,250
171,20231201,1,3,0.245,-1,135
172,20231201,1,1,0.2,1,106
173,20231201,1,2,0.2,0,92
174,20231201,1,3,0.2,-1,51
175,20231201,1,1,0.088,1,83
176,20231201,1,2,0.088,0,81
177,20231201,1,3,0.088,-1,49
178,20231201,1,1,0.214,1,118
179,20231201,1,2,0.214,0,100
180,20231201,1,3,0.214,-1,55
181,20240101,1,1,0.316,1,1105
182,20240101,1,2,0.316,0,834
183,20240101,1,3,0.316,-1,427
184,20240101,1,1,0.207,1,565
185,20240101,1,2,0.207,0,482
186,20240101,1,3,0.207,-1,268
187,20240101,1,1,0.189,1,100
188,20240101,1,2,0.189,0,89
189,20240101,1,3,0.189,-1,49
190,20240101,1,1,-0.032,1,75
191,20240101,1,2,-0.032,0,85
192,20240101,1,3,-0.032,-1,55
193,20240101,1,1,0.063,1,95
194,20240101,1,2,0.063,0,96
195,20240101,1,3,0.063,-1,59
196,20240201,1,1,0.269,1,921
197,20240201,1,2,0.269,0,731
198,20240201,1,3,0.269,-1,389
199,20240201,1,1,0.125,1,740
200,20240201,1,2,0.125,0,690
201,20240201,1,3,0.125,-1,409
202,20240201,1,1,0.072,1,89
203,20240201,1,2,0.072,0,91
204,20240201,1,3,0.072,-1,54
205,20240201,1,1,-0.003,1,72
206,20240201,1,2,-0.003,0,81
207,20240201,1,3,-0.003,-1,50
208,20240201,1,1,0.066,1,102
209,20240201,1,2,0.066,0,104
210,20240201,1,3,0.066,-1,63
211,20240301,1,1,0.165,1,717
212,20240301,1,2,0.165,0,639
213,20240301,1,3,0.165,-1,368
214,20240301,1,1,0.125,1,911
215,20240301,1,2,0.125,0,850
216,20240301,1,3,0.125,-1,503
217,20240301,1,1,0.128,1,98
218,20240301,1,2,0.128,0,92
219,20240301,1,3,0.128,-1,53
220,20240301,1,1,-0.024,1,67
221,20240301,1,2,-0.024,0,76
222,20240301,1,3,-0.024,-1,49
223,20240301,1,1,-0.029,1,87
224,20240301,1,2,-0.029,0,100
225,20240301,1,3,-0.029,-1,64
226,20240401,1,1,0.215,1,615
227,20240401,1,2,0.215,0,518
228,20240401,1,3,0.215,-1,288
229,20240401,1,1,0.078,1,1175
230,20240401,1,2,0.078,0,1159
231,20240401,1,3,0.078,-1,708
232,20240401,1,1,0.026,1,92
233,20240401,1,2,0.026,0,99
234,20240401,1,3,0.026,-1,61
235,20240401,1,1,-0.125,1,62
236,20240401,1,2,-0.125,0,80
237,20240401,1,3,-0.125,-1,54
238,20240401,1,1,-0.072,1,89
239,20240401,1,2,-0.072,0,107
240,20240401,1,3,-0.072,-1,70
241,20240501,1,1,0.104,1,396
242,20240501,1,2,0.104,0,379
243,20240501,1,3,0.104,-1,227
244,20240501,1,1,-0.001,1,1290
245,20240501,1,2,-0.001,0,1400
246,20240501,1,3,-0.001,-1,897
247,20240501,1,1,-0.034,1,84
248,20240501,1,2,-0.034,0,96
249,20240501,1,3,-0.034,-1,62
250,20240501,1,1,-0.111,1,64
251,20240501,1,2,-0.111,0,82
252,20240501,1,3,-0.111,-1,54
253,20240501,1,1,0.012,1,94
254,20240501,1,2,0.012,0,101
255,20240501,1,3,0.012,-1,64
256,20240601,1,1,0.125,1,212
257,20240601,1,2,0.125,0,199
258,20240601,1,3,0.125,-1,117
259,20240601,1,1,0.071,1,1608
260,20240601,1,2,0.071,0,1597
261,20240601,1,3,0.071,-1,981
262,20240601,1,1,0.004,1,102
263,20240601,1,2,0.004,0,111
264,20240601,1,3,0.004,-1,70
265,20240601,1,1,-0.129,1,70
266,20240601,1,2,-0.129,0,91
267,20240601,1,3,-0.129,-1,62
268,20240601,1,1,-0.022,1,97
269,20240601,1,2,-0.022,0,110
270,20240601,1,3,-0.022,-1,70
271,20240701,1,1,0.133,1,14
272,20240701,1,2,0.133,0,14
273,20240701,1,3,0.133,-1,7
274,20240701,1,1,0.034,1,1736
275,20240701,1,2,0.034,0,1805
276,20240701,1,3,0.034,-1,1133
277,20240701,1,1,-0.08,1,98
278,20240701,1,2,-0.08,0,119
279,20240701,1,3,-0.08,-1,78
280,20240701,1,1,-0.217,1,68
281,20240701,1,2,-0.217,0,100
282,20240701,1,3,-0.217,-1,71
283,20240701,1,1,-0.104,1,100
284,20240701,1,2,-0.104,0,125
285,20240701,1,3,-0.104,-1,84
286,20240801,1,1,-0.0,1,392
287,20240801,1,2,-0.0,0,426
288,20240801,1,3,-0.0,-1,272
289,20240801,1,1,-0.021,1,1708
290,20240801,1,2,-0.021,0,1901
291,20240801,1,3,-0.021,-1,1232
292,20240801,1,1,-0.047,1,102
293,20240801,1,2,-0.047,0,119
294,20240801,1,3,-0.047,-1,77
295,20240801,1,1,-0.247,1,65
296,20240801,1,2,-0.247,0,100
297,20240801,1,3,-0.247,-1,71
298,20240801,1,1,-0.183,1,95
299,20240801,1,2,-0.183,0,133
300,20240801,1,3,-0.183,-1,92
301,20240901,1,1,0.071,1,414
302,20240901,1,2,0.071,0,413
303,20240901,1,3,0.071,-1,252
304,20240901,1,1,0.028,1,1913
305,20240901,1,2,0.028,0,2003
306,20240901,1,3,0.028,-1,1262
307,20240901,1,1,-0.05,1,12
308,20240901,1,2,-0.05,0,14
309,20240901,1,3,-0.05,-1,9
310,20240901,1,1,-0.199,1,78
311,20240901,1,2,-0.199,0,112
312,20240901,1,3,-0.199,-1,79
313,20240901,1,1,-0.178,1,103
314,20240901,1,2,-0.178,0,143
315,20240901,1,3,-0.178,-1,99
316,20241001,1,1,-0.013,1,366
317,20241001,1,2,-0.013,0,406
318,20241001,1,3,-0.013,-1,260
319,20241001,1,1,-0.067,1,1830
320,20241001,1,2,-0.067,0,2162
321,20241001,1,3,-0.067,-1,1437
322,20241001,1,1,0.006,1,498
323,20241001,1,2,0.006,0,536
324,20241001,1,3,0.006,-1,342
325,20241001,1,1,-0.125,1,87
326,20241001,1,2,-0.125,0,112
327,20241001,1,3,-0.125,-1,76
328,20241001,1,1,-0.182,1,104
329,20241001,1,2,-0.182,0,144
330,20241001,1,3,-0.182,-1,101
331,20241101,1,1,0.082,1,370
332,20241101,1,2,0.082,0,363
333,20241101,1,3,0.082,-1,221
334,20241101,1,1,-0.02,1,1901
335,20241101,1,2,-0.02,0,2113
336,20241101,1,3,-0.02,-1,1369
337,20241101,1,1,-0.082,1,915
338,20241101,1,2,-0.082,0,1103
339,20241101,1,3,-0.082,-1,738
340,20241101,1,1,-0.177,1,82
341,20241101,1,2,-0.177,0,113
342,20241101,1,3,-0.177,-1,79
343,20241101,1,1,-0.148,1,113
344,20241101,1,2,-0.148,0,152
345,20241101,1,3,-0.148,-1,103
346,20241201,1,1,0.159,1,387
347,20241201,1,2,0.159,0,347
348,20241201,1,3,0.159,-1,201
349,20241201,1,1,0.054,1,1880
350,20241201,1,2,0.054,0,1908
351,20241201,1,3,0.054,-1,1183
352,20241201,1,1,0.031,1,1601
353,20241201,1,2,0.031,0,1670
354,20241201,1,3,0.031,-1,1050
355,20241201,1,1,-0.082,1,92
356,20241201,1,2,-0.082,0,112
357,20241201,1,3,-0.082,-1,74
358,20241201,1,1,-0.116,1,117
359,20241201,1,2,-0.116,0,148
360,20241201,1,3,-0.116,-1,100
361,20250101,1,1,0.18,1,344
362,20250101,1,2,0.18,0,302
363,20250101,1,3,0.18,-1,172
364,20250101,1,1,0.073,1,1740
365,20250101,1,2,0.073,0,1725
366,20250101,1,3,0.073,-1,1058
367,20250101,1,1,0.011,1,1984
368,20250101,1,2,0.011,0,2122
369,20250101,1,3,0.011,-1,1351
370,20250101,1,1,-0.119,1,11
371,20250101,1,2,-0.119,0,15
372,20250101,1,3,-0.119,-1,9
373,20250101,1,1,0.049,1,135
374,20250101,1,2,0.049,0,139
375,20250101,1,3,0.049,-1,85
376,20250201,1,1,0.115,1,300
377,20250201,1,2,0.115,0,285
378,20250201,1,3,0.115,-1,169
379,20250201,1,1,0.087,1,1477
380,20250201,1,2,0.087,0,1441
381,20250201,1,3,0.087,-1,875
382,20250201,1,1,0.077,1,2451
383,20250201,1,2,0.077,0,2419
384,20250201,1,3,0.077,-1,1479
385,20250201,1,1,-0.034,1,340
386,20250201,1,2,-0.034,0,387
387,20250201,1,3,-0.034,-1,251
388,20250201,1,1,-0.02,1,124
389,20250201,1,2,-0.02,0,139
390,20250201,1,3,-0.02,-1,89
391,20250301,1,1,0.151,1,268
392,20250301,1,2,0.151,0,243
393,20250301,1,3,0.151,-1,141
394,20250301,1,1,0.157,1,1231
395,20250301,1,2,0.157,0,1106
396,20250301,1,3,0.157,-1,641
397,20250301,1,1,0.177,1,2903
398,20250301,1,2,0.177,0,2549
399,20250301,1,3,0.177,-1,1458
400,20250301,1,1,-0.053,1,586
401,20250301,1,2,-0.053,0,680
402,20250301,1,3,-0.053,-1,448
403,20250301,1,1,0.072,1,126
404,20250301,1,2,0.072,0,126
405,20250301,1,3,0.072,-1,76
406,20250401,1,1,0.325,1,266
407,20250401,1,2,0.325,0,200
408,20250401,1,3,0.325,-1,101
409,20250401,1,1,0.189,1,902
410,20250401,1,2,0.189,0,783
411,20250401,1,3,0.189,-1,443
412,20250401,1,1,0.156,1,2923
413,20250401,1,2,0.156,0,2628
414,20250401,1,3,0.156,-1,1526
415,20250401,1,1,-0.078,1,849
416,20250401,1,2,-0.078,0,1018
417,20250401,1,3,-0.078,-1,680
418,20250401,1,1,0.118,1,122
419,20250401,1,2,0.118,0,117
420,20250401,1,3,0.118,-1,68
421,20250501,1,1,0.257,1,230
422,20250501,1,2,0.257,0,187
423,20250501,1,3,0.257,-1,99
424,20250501,1,1,0.186,1,627
425,20250501,1,2,0.186,0,546
426,20250501,1,3,0.186,-1,309
427,20250501,1,1,0.204,1,2925
428,20250501,1,2,0.204,0,2491
429,20250501,1,3,0.204,-1,1397
430,20250501,1,1,0.084,1,1140
431,20250501,1,2,0.084,0,1116
432,20250501,1,3,0.084,-1,679
433,20250501,1,1,0.141,1,120
434,20250501,1,2,0.141,0,112
435,20250501,1,3,0.141,-1,64
436,20250601,1,1,0.302,1,216
437,20250601,1,2,0.302,0,166
438,20250601,1,3,0.302,-1,85
439,20250601,1,1,0.215,1,301
440,20250601,1,2,0.215,0,254
441,20250601,1,3,0.215,-1,140
442,20250601,1,1,0.211,1,2991
443,20250601,1,2,0.211,0,2527
444,20250601,1,3,0.211,-1,1410
445,20250601,1,1,0.117,1,1422
446,20250601,1,2,0.117,0,1339
447,20250601,1,3,0.117,-1,797
448,20250601,1,1,0.244,1,124
449,20250601,1,2,0.244,0,102
450,20250601,1,3,0.244,-1,54
451,20250701,1,1,0.314,1,192
452,20250701,1,2,0.314,0,147
453,20250701,1,3,0.314,-1,74
454,20250701,1,1,0.339,1,16
455,20250701,1,2,0.339,0,13
456,20250701,1,3,0.339,-1,6
457,20250701,1,1,0.217,1,2782
458,20250701,1,2,0.217,0,2335
459,20250701,1,3,0.217,-1,1297
460,20250701,1,1,0.051,1,1507
461,20250701,1,2,0.051,0,1535
462,20250701,1,3,0.051,-1,953
463,20250701,1,1,0.267,1,123
464,20250701,1,2,0.267,0,98
465,20250701,1,3,0.267,-1,52
466,20250801,1,1,0.341,1,166
467,20250801,1,2,0.341,0,122
468,20250801,1,3,0.341,-1,61
469,20250801,1,1,0.32,1,602
470,20250801,1,2,0.32,0,454
471,20250801,1,3,0.32,-1,230
472,20250801,1,1,0.298,1,2756
473,20250801,1,2,0.298,0,2118
474,20250801,1,3,0.298,-1,1102
475,20250801,1,1,0.055,1,1591
476,20250801,1,2,0.055,0,1612
477,20250801,1,3,0.055,-1,999
478,20250801,1,1,0.276,1,114
479,20250801,1,2,0.276,0,92
480,20250801,1,3,0.276,-1,47
481,20250901,1,1,0.451,1,170
482,20250901,1,2,0.451,0,112
483,20250901,1,3,0.451,-1,50
484,20250901,1,1,0.423,1,591
485,20250901,1,2,0.423,0,400
486,20250901,1,3,0.423,-1,184
487,20250901,1,1,0.251,1,2306
488,20250901,1,2,0.251,0,1865
489,20250901,1,3,0.251,-1,1008
490,20250901,1,1,0.147,1,1801
491,20250901,1,2,0.147,0,1638
492,20250901,1,3,0.147,-1,956
493,20250901,1,1,0.321,1,121
494,20250901,1,2,0.321,0,91
495,20250901,1,3,0.321,-1,46
496,20251001,1,1,0.343,1,145
497,20251001,1,2,0.343,0,107
498,20251001,1,3,0.343,-1,53
499,20251001,1,1,0.351,1,518
500,20251001,1,2,0.351,0,377
501,20251001,1,3,0.351,-1,186
502,20251001,1,1,0.395,1,2337
503,20251001,1,2,0.395,0,1621
504,20251001,1,3,0.395,-1,771
505,20251001,1,1,0.19,1,2157
506,20251001,1,2,0.19,0,1867
507,20251001,1,3,0.19,-1,1057
508,20251001,1,1,0.199,1,112
509,20251001,1,2,0.199,0,97
510,20251001,1,3,0.199,-1,54
511,20251101,1,1,0.347,1,135
512,20251101,1,2,0.347,0,99
513,20251101,1,3,0.347,-1,49
514,20251101,1,1,0.429,1,550
515,20251101,1,2,0.429,0,369
516,20251101,1,3,0.429,-1,169
517,20251101,1,1,0.373,1,1909
518,20251101,1,2,0.373,0,1356
519,20251101,1,3,0.373,-1,658
520,20251101,1,1,0.174,1,2055
521,20251101,1,2,0.174,0,1811
522,20251101,1,3,0.174,-1,1038
523,20251101,1,1,0.18,1,14
524,20251101,1,2,0.18,0,14
525,20251101,1,3,0.18,-1,7
526,20251201,1,1,0.328,1,151
527,20251201,1,2,0.328,0,113
528,20251201,1,3,0.328,-1,57
529,20251201,1,1,0.387,1,502
530,20251201,1,2,0.387,0,352
531,20251201,1,3,0.387,-1,168
532,20251201,1,1,0.35,1,1518
533,20251201,1,2,0.35,0,1105
534,20251201,1,3,0.35,-1,548
535,20251201,1,1,0.11,1,2232
536,20251201,1,2,0.11,0,2117
537,20251201,1,3,0.11,-1,1268
538,20251201,1,1,0.175,1,497
539,20251201,1,2,0.175,0,439
540,20251201,1,3,0.175,-1,250
541,20260101,1,1,0.281,1,143
542,20260101,1,2,0.281,0,113
543,20260101,1,3,0.281,-1,59
544,20260101,1,1,0.316,1,486
545,20260101,1,2,0.316,0,367
546,20260101,1,3,0.316,-1,187
547,20260101,1,1,0.316,1,1155
548,20260101,1,2,0.316,0,871
549,20260101,1,3,0.316,-1,445
550,20260101,1,1,0.052,1,2083
551,20260101,1,2,0.052,0,2118
552,20260101,1,3,0.052,-1,1316
553,20260101,1,1,0.132,1,1059
554,20260101,1,2,0.132,0,981
555,20260101,1,3,0.132,-1,578
556,20260201,1,1,0.317,1,154
557,20260201,1,2,0.317,0,117
558,20260201,1,3,0.317,-1,59
559,20260201,1,1,0.32,1,509
560,20260201,1,2,0.32,0,383
561,20260201,1,3,0.32,-1,195
562,20260201,1,1,0.319,1,609
563,20260201,1,2,0.319,0,459
564,20260201,1,3,0.319,-1,233
565,20260201,1,1,0.066,1,2264
566,20260201,1,2,0.066,0,2262
567,20260201,1,3,0.066,-1,1394
568,20260201,1,1,0.231,1,1751
569,20260201,1,2,0.231,0,1449
570,20260201,1,3,0.231,-1,795
571,20260301,1,1,0.312,1,170
572,20260301,1,2,0.312,0,129
573,20260301,1,3,0.312,-1,66
574,20260301,1,1,0.251,1,461
575,20260301,1,2,0.251,0,374
576,20260301,1,3,0.251,-1,201
577,20260301,1,1,0.234,1,15
578,20260301,1,2,0.234,0,14
579,20260301,1,3,0.234,-1,6
580,20260301,1,1,0.08,1,2280
581,20260301,1,2,0.08,0,2241
582,20260301,1,3,0.08,-1,1368
583,20260301,1,1,0.161,1,2268
584,20260301,1,2,0.161,0,2029
585,20260301,1,3,0.161,-1,1173
586,20260401,1,1,0.27,1,169
587,20260401,1,2,0.27,0,136
588,20260401,1,3,0.27,-1,71
589,20260401,1,1,0.255,1,439
590,20260401,1,2,0.255,0,355
591,20260401,1,3,0.255,-1,190
592,20260401,1,1,0.138,1,1038
593,20260401,1,2,0.138,0,955
594,20260401,1,3,0.138,-1,560
595,20260401,1,1,0.055,1,2059
596,20260401,1,2,0.055,0,2086
597,20260401,1,3,0.055,-1,1293
598,20260401,1,1,0.065,1,2547
599,20260401,1,2,0.065,0,2548
600,20260401,1,3,0.065,-1,1571
601,20260501,1,1,0.187,1,169
602,20260501,1,2,0.187,0,147
603,20260501,1,3,0.187,-1,83
604,20260501,1,1,0.21,1,426
605,20260501,1,2,0.21,0,362
606,20260501,1,3,0.21,-1,201
607,20260501,1,1,0.053,1,922
608,20260501,1,2,0.053,0,938
609,20260501,1,3,0.053,-1,581
610,20260501,1,1,-0.062,1,1717
611,20260501,1,2,-0.062,0,2015
612,20260501,1,3,-0.062,-1,1335
613,20260501,1,1,0.042,1,2943
614,20260501,1,2,0.042,0,3028
615,20260501,1,3,0.042,-1,1893
616,20260601,1,1,0.18,1,160
617,20260601,1,2,0.18,0,141
618,20260601,1,3,0.18,-1,80
619,20260601,1,1,0.081,1,344
620,20260601,1,2,0.081,0,338
621,20260601,1,3,0.081,-1,206
622,20260601,1,1,0.059,1,837
623,20260601,1,2,0.059,0,845
624,20260601,1,3,0.059,-1,522
625,20260601,1,1,-0.055,1,1505
626,20260601,1,2,-0.055,0,1750
627,20260601,1,3,-0.055,-1,1155
628,20260601,1,1,-0.01,1,2865
629,20260601,1,2,-0.01,0,3145
630,20260601,1,3,-0.01,-1,2026
631,20230101,2,1,0.125,1,65
632,20230101,2,2,0.125,0,61
633,20230101,2,3,0.125,-1,36
634,20230101,2,1,-0.087,1,60
635,20230101,2,2,-0.087,0,74
636,20230101,2,3,-0.087,-1,49
637,20230101,2,1,0.174,1,114
638,20230101,2,2,0.174,0,101
639,20230101,2,3,0.174,-1,57
640,20230101,2,1,0.081,1,50
641,20230101,2,2,0.081,0,50
642,20230101,2,3,0.081,-1,30
643,20230201,2,1,0.2,1,70
644,20230201,2,2,0.2,0,62
645,20230201,2,3,0.2,-1,33
646,20230201,2,1,0.043,1,78
647,20230201,2,2,0.043,0,81
648,20230201,2,3,0.043,-1,50
649,20230201,2,1,0.308,1,138
650,20230201,2,2,0.308,0,107
651,20230201,2,3,0.308,-1,54
652,20230201,2,1,0.065,1,53
653,20230201,2,2,0.065,0,55
654,20230201,2,3,0.065,-1,32
655,20230301,2,1,0.256,1,75
656,20230301,2,2,0.256,0,63
657,20230301,2,3,0.256,-1,32
658,20230301,2,1,0.057,1,80
659,20230301,2,2,0.057,0,81
660,20230301,2,3,0.057,-1,50
661,20230301,2,1,0.294,1,143
662,20230301,2,2,0.294,0,112
663,20230301,2,3,0.294,-1,57
664,20230301,2,1,0.149,1,59
665,20230301,2,2,0.149,0,55
666,20230301,2,3,0.149,-1,31
667,20230401,2,1,0.239,1,78
668,20230401,2,2,0.239,0,66
669,20230401,2,3,0.239,-1,35
670,20230401,2,1,0.052,1,86
671,20230401,2,2,0.052,0,88
672,20230401,2,3,0.052,-1,54
673,20230401,2,1,0.333,1,146
674,20230401,2,2,0.333,0,110
675,20230401,2,3,0.333,-1,54
676,20230401,2,1,0.174,1,64
677,20230401,2,2,0.174,0,57
678,20230401,2,3,0.174,-1,32
679,20230501,2,1,0.36,1,91
680,20230501,2,2,0.36,0,66
681,20230501,2,3,0.36,-1,32
682,20230501,2,1,0.171,1,91
683,20230501,2,2,0.171,0,82
684,20230501,2,3,0.171,-1,46
685,20230501,2,1,0.376,1,155
686,20230501,2,2,0.376,0,111
687,20230501,2,3,0.376,-1,53
688,20230501,2,1,0.283,1,71
689,20230501,2,2,0.283,0,57
690,20230501,2,3,0.283,-1,29
691,20230601,2,1,0.366,1,90
692,20230601,2,2,0.366,0,65
693,20230601,2,3,0.366,-1,31
694,20230601,2,1,0.152,1,89
695,20230601,2,2,0.152,0,82
696,20230601,2,3,0.152,-1,47
697,20230601,2,1,0.451,1,171
698,20230601,2,2,0.451,0,113
699,20230601,2,3,0.451,-1,50
700,20230601,2,1,0.21,1,68
701,20230601,2,2,0.21,0,59
702,20230601,2,3,0.21,-1,32
703,20230701,2,1,0.381,1,17
704,20230701,2,2,0.381,0,13
705,20230701,2,3,0.381,-1,5
706,20230701,2,1,0.067,1,86
707,20230701,2,2,0.067,0,87
708,20230701,2,3,0.067,-1,52
709,20230701,2,1,0.392,1,153
710,20230701,2,2,0.392,0,108
711,20230701,2,3,0.392,-1,50
712,20230701,2,1,0.295,1,71
713,20230701,2,2,0.295,0,56
714,20230701,2,3,0.295,-1,28
715,20230801,2,1,0.444,1,591
716,20230801,2,2,0.444,0,390
717,20230801,2,3,0.444,-1,176
718,20230801,2,1,0.119,1,88
719,20230801,2,2,0.119,0,83
720,20230801,2,3,0.119,-1,49
721,20230801,2,1,0.428,1,164
722,20230801,2,2,0.428,0,111
723,20230801,2,3,0.428,-1,50
724,20230801,2,1,0.199,1,62
725,20230801,2,2,0.199,0,54
726,20230801,2,3,0.199,-1,30
727,20230901,2,1,0.307,1,948
728,20230901,2,2,0.307,0,723
729,20230901,2,3,0.307,-1,372
730,20230901,2,1,0.088,1,83
731,20230901,2,2,0.088,0,81
732,20230901,2,3,0.088,-1,49
733,20230901,2,1,0.354,1,146
734,20230901,2,2,0.354,0,106
735,20230901,2,3,0.354,-1,52
736,20230901,2,1,0.29,1,64
737,20230901,2,2,0.29,0,50
738,20230901,2,3,0.29,-1,26
739,20231001,2,1,0.291,1,1236
740,20231001,2,2,0.291,0,957
741,20231001,2,3,0.291,-1,501
742,20231001,2,1,0.095,1,73
743,20231001,2,2,0.095,0,72
744,20231001,2,3,0.095,-1,43
745,20231001,2,1,0.361,1,140
746,20231001,2,2,0.361,0,103
747,20231001,2,3,0.361,-1,49
748,20231001,2,1,0.256,1,60
749,20231001,2,2,0.256,0,49
750,20231001,2,3,0.256,-1,26
751,20231101,2,1,0.388,1,1559
752,20231101,2,2,0.388,0,1090
753,20231101,2,3,0.388,-1,522
754,20231101,2,1,0.075,1,68
755,20231101,2,2,0.075,0,68
756,20231101,2,3,0.075,-1,41
757,20231101,2,1,0.343,1,129
758,20231101,2,2,0.343,0,96
759,20231101,2,3,0.343,-1,47
760,20231101,2,1,0.208,1,53
761,20231101,2,2,0.208,0,46
762,20231101,2,3,0.208,-1,25
763,20231201,2,1,0.287,1,1613
764,20231201,2,2,0.287,0,1255
765,20231201,2,3,0.287,-1,659
766,20231201,2,1,-0.021,1,12
767,20231201,2,2,-0.021,0,15
768,20231201,2,3,-0.021,-1,8
769,20231201,2,1,0.351,1,124
770,20231201,2,2,0.351,0,92
771,20231201,2,3,0.351,-1,44
772,20231201,2,1,0.191,1,49
773,20231201,2,2,0.191,0,44
774,20231201,2,3,0.191,-1,24
775,20240101,2,1,0.249,1,1610
776,20240101,2,2,0.249,0,1305
777,20240101,2,3,0.249,-1,706
778,20240101,2,1,0.057,1,337
779,20240101,2,2,0.057,0,342
780,20240101,2,3,0.057,-1,211
781,20240101,2,1,0.365,1,122
782,20240101,2,2,0.365,0,89
783,20240101,2,3,0.365,-1,43
784,20240101,2,1,0.08,1,45
785,20240101,2,2,0.08,0,45
786,20240101,2,3,0.08,-1,27
787,20240201,2,1,0.259,1,1401
788,20240201,2,2,0.259,0,1124
789,20240201,2,3,0.259,-1,603
790,20240201,2,1,-0.033,1,593
791,20240201,2,2,-0.033,0,671
792,20240201,2,3,-0.033,-1,437
793,20240201,2,1,0.259,1,106
794,20240201,2,2,0.259,0,86
795,20240201,2,3,0.259,-1,45
796,20240201,2,1,0.048,1,40
797,20240201,2,2,0.048,0,43
798,20240201,2,3,0.048,-1,25
799,20240301,2,1,0.163,1,1171
800,20240301,2,2,0.163,0,1046
801,20240301,2,3,0.163,-1,603
802,20240301,2,1,-0.132,1,788
803,20240301,2,2,-0.132,0,1016
804,20240301,2,3,-0.132,-1,697
805,20240301,2,1,0.135,1,14
806,20240301,2,2,0.135,0,14
807,20240301,2,3,0.135,-1,7
808,20240301,2,1,0.014,1,38
809,20240301,2,2,0.014,0,42
810,20240301,2,3,0.014,-1,26
811,20240401,2,1,0.13,1,988
812,20240401,2,2,0.13,0,916
813,20240401,2,3,0.13,-1,541
814,20240401,2,1,-0.11,1,1014
815,20240401,2,2,-0.11,0,1269
816,20240401,2,3,-0.11,-1,862
817,20240401,2,1,0.24,1,987
818,20240401,2,2,0.24,0,809
819,20240401,2,3,0.24,-1,440
820,20240401,2,1,0.039,1,43
821,20240401,2,2,0.039,0,45
822,20240401,2,3,0.039,-1,28
823,20240501,2,1,0.069,1,663
824,20240501,2,2,0.069,0,662
825,20240501,2,3,0.069,-1,406
826,20240501,2,1,-0.235,1,1064
827,20240501,2,2,-0.235,0,1589
828,20240501,2,3,-0.235,-1,1146
829,20240501,2,1,0.181,1,1803
830,20240501,2,2,0.181,0,1577
831,20240501,2,3,0.181,-1,899
832,20240501,2,1,0.015,1,43
833,20240501,2,2,0.015,0,46
834,20240501,2,3,0.015,-1,29
835,20240601,2,1,0.032,1,346
836,20240601,2,2,0.032,0,362
837,20240601,2,3,0.032,-1,227
838,20240601,2,1,-0.205,1,1300
839,20240601,2,2,-0.205,0,1858
840,20240601,2,3,-0.205,-1,1322
841,20240601,2,1,0.094,1,2480
842,20240601,2,2,0.094,0,2398
843,20240601,2,3,0.094,-1,1451
844,20240601,2,1,-0.013,1,44
845,20240601,2,2,-0.013,0,50
846,20240601,2,3,-0.013,-1,31
847,20240701,2,1,0.052,1,13
848,20240701,2,2,0.052,0,14
849,20240701,2,3,0.052,-1,8
850,20240701,2,1,-0.227,1,1351
851,20240701,2,2,-0.227,0,1994
852,20240701,2,3,-0.227,-1,1432
853,20240701,2,1,0.156,1,2946
854,20240701,2,2,0.156,0,2650
855,20240701,2,3,0.156,-1,1538
856,20240701,2,1,-0.108,1,11
857,20240701,2,2,-0.108,0,15
858,20240701,2,3,-0.108,-1,9
859,20240801,2,1,-0.035,1,426
860,20240801,2,2,-0.035,0,484
861,20240801,2,3,-0.035,-1,315
862,20240801,2,1,-0.235,1,1386
863,20240801,2,2,-0.235,0,2071
864,20240801,2,3,-0.235,-1,1493
865,20240801,2,1,0.071,1,2645
866,20240801,2,2,0.071,0,2628
867,20240801,2,3,0.071,-1,1613
868,20240801,2,1,-0.091,1,228
869,20240801,2,2,-0.091,0,279
870,20240801,2,3,-0.091,-1,187
871,20240901,2,1,0.064,1,459
872,20240901,2,2,0.064,0,461
873,20240901,2,3,0.064,-1,284
874,20240901,2,1,-0.151,1,1484
875,20240901,2,2,-0.151,0,1963
876,20240901,2,3,-0.151,-1,1362
877,20240901,2,1,0.118,1,2227
878,20240901,2,2,0.118,0,2092
879,20240901,2,3,0.118,-1,1247
880,20240901,2,1,-0.198,1,417
881,20240901,2,2,-0.198,0,592
882,20240901,2,3,-0.198,-1,419
883,20241001,2,1,0.04,1,411
884,20241001,2,2,0.04,0,426
885,20241001,2,3,0.04,-1,265
886,20241001,2,1,-0.169,1,1239
887,20241001,2,2,-0.169,0,1682
888,20241001,2,3,-0.169,-1,1176
889,20241001,2,1,0.108,1,1207
890,20241001,2,2,0.108,0,1148
891,20241001,2,3,0.108,-1,688
892,20241001,2,1,-0.11,1,700
893,20241001,2,2,-0.11,0,877
894,20241001,2,3,-0.11,-1,595
895,20241101,2,1,0.009,1,374
896,20241101,2,2,0.009,0,403
897,20241101,2,3,0.009,-1,255
898,20241101,2,1,-0.267,1,938
899,20241101,2,2,-0.267,0,1472
900,20241101,2,3,-0.267,-1,1075
901,20241101,2,1,0.125,1,14
902,20241101,2,2,0.125,0,14
903,20241101,2,3,0.125,-1,7
904,20241101,2,1,-0.135,1,838
905,20241101,2,2,-0.135,0,1084
906,20241101,2,3,-0.135,-1,746
907,20241201,2,1,0.016,1,324
908,20241201,2,2,0.016,0,346
909,20241201,2,3,0.016,-1,219
910,20241201,2,1,-0.202,1,682
911,20241201,2,2,-0.202,0,972
912,20241201,2,3,-0.202,-1,690
913,20241201,2,1,0.142,1,945
914,20241201,2,2,0.142,0,866
915,20241201,2,3,0.142,-1,506
916,20241201,2,1,-0.145,1,1007
917,20241201,2,2,-0.145,0,1323
918,20241201,2,3,-0.145,-1,914
919,20250101,2,1,0.043,1,283
920,20250101,2,2,0.043,0,293
921,20250101,2,3,0.043,-1,182
922,20250101,2,1,-0.169,1,367
923,20250101,2,2,-0.169,0,500
924,20250101,2,3,-0.169,-1,348
925,20250101,2,1,0.143,1,813
926,20250101,2,2,0.143,0,744
927,20250101,2,3,0.143,-1,435
928,20250101,2,1,-0.076,1,1212
929,20250101,2,2,-0.076,0,1450
930,20250101,2,3,-0.076,-1,967
931,20250201,2,1,0.099,1,261
932,20250201,2,2,0.099,0,252
933,20250201,2,3,0.099,-1,151
934,20250201,2,1,-0.111,1,11
935,20250201,2,2,-0.111,0,15
936,20250201,2,3,-0.111,-1,9
937,20250201,2,1,0.228,1,675
938,20250201,2,2,0.228,0,562
939,20250201,2,3,0.228,-1,308
940,20250201,2,1,0.037,1,1416
941,20250201,2,2,0.037,0,1466
942,20250201,2,3,0.037,-1,919
943,20250301,2,1,0.211,1,262
944,20250301,2,2,0.211,0,224
945,20250301,2,3,0.211,-1,123
946,20250301,2,1,-0.005,1,583
947,20250301,2,2,-0.005,0,637
948,20250301,2,3,-0.005,-1,408
949,20250301,2,1,0.221,1,542
950,20250301,2,2,0.221,0,454
951,20250301,2,3,0.221,-1,250
952,20250301,2,1,0.084,1,1404
953,20250301,2,2,0.084,0,1375
954,20250301,2,3,0.084,-1,836
955,20250401,2,1,0.224,1,210
956,20250401,2,2,0.224,0,176
957,20250401,2,3,0.224,-1,96
958,20250401,2,1,-0.099,1,454
959,20250401,2,2,-0.099,0,560
960,20250401,2,3,-0.099,-1,378
961,20250401,2,1,0.292,1,474
962,20250401,2,2,0.292,0,368
963,20250401,2,3,0.292,-1,192
964,20250401,2,1,0.043,1,1278
965,20250401,2,2,0.043,0,1315
966,20250401,2,3,0.043,-1,820
967,20250501,2,1,0.266,1,189
968,20250501,2,2,0.266,0,151
969,20250501,2,3,0.266,-1,80
970,20250501,2,1,0.019,1,411
971,20250501,2,2,0.019,0,436
972,20250501,2,3,0.019,-1,275
973,20250501,2,1,0.228,1,352
974,20250501,2,2,0.228,0,293
975,20250501,2,3,0.228,-1,160
976,20250501,2,1,0.074,1,1191
977,20250501,2,2,0.074,0,1180
978,20250501,2,3,0.074,-1,723
979,20250601,2,1,0.259,1,163
980,20250601,2,2,0.259,0,131
981,20250601,2,3,0.259,-1,70
982,20250601,2,1,0.119,1,394
983,20250601,2,2,0.119,0,370
984,20250601,2,3,0.119,-1,220
985,20250601,2,1,0.356,1,331
986,20250601,2,2,0.356,0,240
987,20250601,2,3,0.356,-1,118
988,20250601,2,1,0.225,1,1058
989,20250601,2,2,0.225,0,882
990,20250601,2,3,0.225,-1,486
991,20250701,2,1,0.316,1,157
992,20250701,2,2,0.316,0,120
993,20250701,2,3,0.316,-1,61
994,20250701,2,1,0.126,1,335
995,20250701,2,2,0.126,0,313
996,20250701,2,3,0.126,-1,184
997,20250701,2,1,0.38,1,290
998,20250701,2,2,0.38,0,206
999,20250701,2,3,0.38,-1,98
1000,20250701,2,1,0.135,1,852
1001,20250701,2,2,0.135,0,787
1002,20250701,2,3,0.135,-1,462
1003,20250801,2,1,0.384,1,164
1004,20250801,2,2,0.384,0,117
1005,20250801,2,3,0.384,-1,55
1006,20250801,2,1,0.107,1,313
1007,20250801,2,2,0.107,0,300
1008,20250801,2,3,0.107,-1,179
1009,20250801,2,1,0.331,1,291
1010,20250801,2,2,0.331,0,217
1011,20250801,2,3,0.331,-1,109
1012,20250801,2,1,0.195,1,699
1013,20250801,2,2,0.195,0,603
1014,20250801,2,3,0.195,-1,340
1015,20250901,2,1,0.319,1,157
1016,20250901,2,2,0.319,0,119
1017,20250901,2,3,0.319,-1,60
1018,20250901,2,1,0.178,1,278
1019,20250901,2,2,0.178,0,245
1020,20250901,2,3,0.178,-1,139
1021,20250901,2,1,0.357,1,285
1022,20250901,2,2,0.357,0,207
1023,20250901,2,3,0.357,-1,101
1024,20250901,2,1,0.284,1,498
1025,20250901,2,2,0.284,0,390
1026,20250901,2,3,0.284,-1,204
1027,20251001,2,1,0.351,1,159
1028,20251001,2,2,0.351,0,117
1029,20251001,2,3,0.351,-1,57
1030,20251001,2,1,0.064,1,250
1031,20251001,2,2,0.064,0,252
1032,20251001,2,3,0.064,-1,154
1033,20251001,2,1,0.47,1,319
1034,20251001,2,2,0.47,0,206
1035,20251001,2,3,0.47,-1,90
1036,20251001,2,1,0.281,1,241
1037,20251001,2,2,0.281,0,190
1038,20251001,2,3,0.281,-1,99
1039,20251101,2,1,0.35,1,171
1040,20251101,2,2,0.35,0,126
1041,20251101,2,3,0.35,-1,61
1042,20251101,2,1,0.045,1,224
1043,20251101,2,2,0.045,0,231
1044,20251101,2,3,0.045,-1,143
1045,20251101,2,1,0.396,1,307
1046,20251101,2,2,0.396,0,214
1047,20251101,2,3,0.396,-1,101
1048,20251101,2,1,0.243,1,15
1049,20251101,2,2,0.243,0,14
1050,20251101,2,3,0.243,-1,6
1051,20251201,2,1,0.41,1,178
1052,20251201,2,2,0.41,0,123
1053,20251201,2,3,0.41,-1,57
1054,20251201,2,1,0.126,1,221
1055,20251201,2,2,0.126,0,206
1056,20251201,2,3,0.126,-1,122
1057,20251201,2,1,0.33,1,309
1058,20251201,2,2,0.33,0,230
1059,20251201,2,3,0.33,-1,116
1060,20251201,2,1,0.223,1,396
1061,20251201,2,2,0.223,0,331
1062,20251201,2,3,0.223,-1,182
1063,20260101,2,1,0.333,1,189
1064,20260101,2,2,0.333,0,142
1065,20260101,2,3,0.333,-1,70
1066,20260101,2,1,0.074,1,202
1067,20260101,2,2,0.074,0,201
1068,20260101,2,3,0.074,-1,122
1069,20260101,2,1,0.407,1,329
1070,20260101,2,2,0.407,0,227
1071,20260101,2,3,0.407,-1,106
1072,20260101,2,1,0.163,1,381
1073,20260101,2,2,0.163,0,341
1074,20260101,2,3,0.163,-1,196
1075,20260201,2,1,0.318,1,198
1076,20260201,2,2,0.318,0,150
1077,20260201,2,3,0.318,-1,76
1078,20260201,2,1,0.037,1,191
1079,20260201,2,2,0.037,0,199
1080,20260201,2,3,0.037,-1,124
1081,20260201,2,1,0.326,1,335
1082,20260201,2,2,0.326,0,251
1083,20260201,2,3,0.326,-1,126
1084,20260201,2,1,0.156,1,372
1085,20260201,2,2,0.156,0,336
1086,20260201,2,3,0.156,-1,194
1087,20260301,2,1,0.321,1,209
1088,20260301,2,2,0.321,0,158
1089,20260301,2,3,0.321,-1,80
1090,20260301,2,1,-0.033,1,186
1091,20260301,2,2,-0.033,0,213
1092,20260301,2,3,-0.033,-1,137
1093,20260301,2,1,0.376,1,372
1094,20260301,2,2,0.376,0,265
1095,20260301,2,3,0.376,-1,127
1096,20260301,2,1,0.161,1,371
1097,20260301,2,2,0.161,0,332
1098,20260301,2,3,0.161,-1,192
1099,20260401,2,1,0.251,1,193
1100,20260401,2,2,0.251,0,157
1101,20260401,2,3,0.251,-1,84
1102,20260401,2,1,-0.096,1,175
1103,20260401,2,2,-0.096,0,215
1104,20260401,2,3,-0.096,-1,145
1105,20260401,2,1,0.334,1,376
1106,20260401,2,2,0.334,0,278
1107,20260401,2,3,0.334,-1,140
1108,20260401,2,1,0.058,1,323
1109,20260401,2,2,0.058,0,328
1110,20260401,2,3,0.058,-1,202
1111,20260501,2,1,0.122,1,189
1112,20260501,2,2,0.122,0,179
1113,20260501,2,3,0.122,-1,105
1114,20260501,2,1,-0.083,1,188
1115,20260501,2,2,-0.083,0,228
1116,20260501,2,3,-0.083,-1,152
1117,20260501,2,1,0.215,1,365
1118,20260501,2,2,0.215,0,308
1119,20260501,2,3,0.215,-1,170
1120,20260501,2,1,0.022,1,297
1121,20260501,2,2,0.022,0,314
1122,20260501,2,3,0.022,-1,198
1123,20260601,2,1,0.112,1,178
1124,20260601,2,2,0.112,0,170
1125,20260601,2,3,0.112,-1,100
1126,20260601,2,1,-0.04,1,192
1127,20260601,2,2,-0.04,0,221
1128,20260601,2,3,-0.04,-1,144
1129,20260601,2,1,0.172,1,337
1130,20260601,2,2,0.172,0,298
1131,20260601,2,3,0.172,-1,171
1132,20260601,2,1,0.024,1,266
1133,20260601,2,2,0.024,0,281
1134,20260601,2,3,0.024,-1,177
1135,20230101,3,1,-0.05,1,73
1136,20230101,3,2,-0.05,0,86
1137,20230101,3,3,-0.05,-1,55
1138,20230101,3,1,0.164,1,63
1139,20230101,3,2,0.164,0,58
1140,20230101,3,3,0.164,-1,32
1141,20230101,3,1,-0.221,1,66
1142,20230101,3,2,-0.221,0,97
1143,20230101,3,3,-0.221,-1,69
1144,20230101,3,1,0.004,1,72
1145,20230101,3,2,0.004,0,80
1146,20230101,3,3,0.004,-1,50
1147,20230201,3,1,-0.088,1,72
1148,20230201,3,2,-0.088,0,89
1149,20230201,3,3,-0.088,-1,58
1150,20230201,3,1,0.156,1,64
1151,20230201,3,2,0.156,0,58
1152,20230201,3,3,0.156,-1,33
1153,20230201,3,1,-0.08,1,82
1154,20230201,3,2,-0.08,0,101
1155,20230201,3,3,-0.08,-1,66
1156,20230201,3,1,-0.033,1,71
1157,20230201,3,2,-0.033,0,81
1158,20230201,3,3,-0.033,-1,52
1159,20230301,3,1,0.031,1,88
1160,20230301,3,2,0.031,0,93
1161,20230301,3,3,0.031,-1,58
1162,20230301,3,1,0.114,1,63
1163,20230301,3,2,0.114,0,62
1164,20230301,3,3,0.114,-1,35
1165,20230301,3,1,-0.151,1,76
1166,20230301,3,2,-0.151,0,103
1167,20230301,3,3,-0.151,-1,70
1168,20230301,3,1,0.123,1,92
1169,20230301,3,2,0.123,0,86
1170,20230301,3,3,0.123,-1,51
1171,20230401,3,1,0.011,1,87
1172,20230401,3,2,0.011,0,94
1173,20230401,3,3,0.011,-1,59
1174,20230401,3,1,0.282,1,77
1175,20230401,3,2,0.282,0,62
1176,20230401,3,3,0.282,-1,32
1177,20230401,3,1,-0.071,1,91
1178,20230401,3,2,-0.071,0,110
1179,20230401,3,3,-0.071,-1,72
1180,20230401,3,1,0.116,1,91
1181,20230401,3,2,0.116,0,87
1182,20230401,3,3,0.116,-1,51
1183,20230501,3,1,-0.0,1,90
1184,20230501,3,2,-0.0,0,98
1185,20230501,3,3,-0.0,-1,62
1186,20230501,3,1,0.274,1,80
1187,20230501,3,2,0.274,0,65
1188,20230501,3,3,0.274,-1,33
1189,20230501,3,1,-0.075,1,90
1190,20230501,3,2,-0.075,0,110
1191,20230501,3,3,-0.075,-1,72
1192,20230501,3,1,0.112,1,89
1193,20230501,3,2,0.112,0,87
1194,20230501,3,3,0.112,-1,50
1195,20230601,3,1,0.028,1,92
1196,20230601,3,2,0.028,0,98
1197,20230601,3,3,0.028,-1,60
1198,20230601,3,1,0.324,1,79
1199,20230601,3,2,0.324,0,61
1200,20230601,3,3,0.324,-1,30
1201,20230601,3,1,-0.022,1,91
1202,20230601,3,2,-0.022,0,103
1203,20230601,3,3,-0.022,-1,66
1204,20230601,3,1,0.164,1,99
1205,20230601,3,2,0.164,0,90
1206,20230601,3,3,0.164,-1,51
1207,20230701,3,1,0.036,1,94
1208,20230701,3,2,0.036,0,98
1209,20230701,3,3,0.036,-1,61
1210,20230701,3,1,0.237,1,76
1211,20230701,3,2,0.237,0,64
1212,20230701,3,3,0.237,-1,34
1213,20230701,3,1,0.027,1,95
1214,20230701,3,2,0.027,0,101
1215,20230701,3,3,0.027,-1,63
1216,20230701,3,1,0.144,1,94
1217,20230701,3,2,0.144,0,87
1218,20230701,3,3,0.144,-1,50
1219,20230801,3,1,-0.002,1,84
1220,20230801,3,2,-0.002,0,93
1221,20230801,3,3,-0.002,-1,59
1222,20230801,3,1,0.295,1,76
1223,20230801,3,2,0.295,0,60
1224,20230801,3,3,0.295,-1,30
1225,20230801,3,1,0.016,1,97
1226,20230801,3,2,0.016,0,105
1227,20230801,3,3,0.016,-1,65
1228,20230801,3,1,0.19,1,95
1229,20230801,3,2,0.19,0,84
1230,20230801,3,3,0.19,-1,46
1231,20230901,3,1,0.107,1,13
1232,20230901,3,2,0.107,0,15
1233,20230901,3,3,0.107,-1,7
1234,20230901,3,1,0.259,1,71
1235,20230901,3,2,0.259,0,58
1236,20230901,3,3,0.259,-1,30
1237,20230901,3,1,-0.003,1,90
1238,20230901,3,2,-0.003,0,99
1239,20230901,3,3,-0.003,-1,62
1240,20230901,3,1,0.141,1,89
1241,20230901,3,2,0.141,0,83
1242,20230901,3,3,0.141,-1,48
1243,20231001,3,1,0.084,1,273
1244,20231001,3,2,0.084,0,269
1245,20231001,3,3,0.084,-1,163
1246,20231001,3,1,0.254,1,66
1247,20231001,3,2,0.254,0,55
1248,20231001,3,3,0.254,-1,28
1249,20231001,3,1,-0.08,1,77
1250,20231001,3,2,-0.08,0,93
1251,20231001,3,3,-0.08,-1,62
1252,20231001,3,1,0.052,1,76
1253,20231001,3,2,0.052,0,79
1254,20231001,3,3,0.052,-1,48
1255,20231101,3,1,-0.06,1,450
1256,20231101,3,2,-0.06,0,528
1257,20231101,3,3,-0.06,-1,349
1258,20231101,3,1,0.156,1,57
1259,20231101,3,2,0.156,0,53
1260,20231101,3,3,0.156,-1,30
1261,20231101,3,1,0.008,1,77
1262,20231101,3,2,0.008,0,85
1263,20231101,3,3,0.008,-1,53
1264,20231101,3,1,0.065,1,75
1265,20231101,3,2,0.065,0,76
1266,20231101,3,3,0.065,-1,46
1267,20231201,3,1,-0.012,1,683
1268,20231201,3,2,-0.012,0,753
1269,20231201,3,3,-0.012,-1,485
1270,20231201,3,1,0.252,1,59
1271,20231201,3,2,0.252,0,49
1272,20231201,3,3,0.252,-1,25
1273,20231201,3,1,-0.136,1,65
1274,20231201,3,2,-0.136,0,85
1275,20231201,3,3,-0.136,-1,58
1276,20231201,3,1,0.119,1,69
1277,20231201,3,2,0.119,0,66
1278,20231201,3,3,0.119,-1,38
1279,20240101,3,1,0.008,1,878
1280,20240101,3,2,0.008,0,943
1281,20240101,3,3,0.008,-1,600
1282,20240101,3,1,0.127,1,14
1283,20240101,3,2,0.127,0,14
1284,20240101,3,3,0.127,-1,7
1285,20240101,3,1,-0.159,1,62
1286,20240101,3,2,-0.159,0,84
1287,20240101,3,3,-0.159,-1,58
1288,20240101,3,1,0.069,1,65
1289,20240101,3,2,0.069,0,66
1290,20240101,3,3,0.069,-1,39
1291,20240201,3,1,-0.054,1,885
1292,20240201,3,2,-0.054,0,1029
1293,20240201,3,3,-0.054,-1,678
1294,20240201,3,1,0.182,1,192
1295,20240201,3,2,0.182,0,170
1296,20240201,3,3,0.182,-1,95
1297,20240201,3,1,-0.247,1,51
1298,20240201,3,2,-0.247,0,78
1299,20240201,3,3,-0.247,-1,56
1300,20240201,3,1,0.021,1,61
1301,20240201,3,2,0.021,0,66
1302,20240201,3,3,0.021,-1,40
1303,20240301,3,1,-0.085,1,1033
1304,20240301,3,2,-0.085,0,1250
1305,20240301,3,3,-0.085,-1,838
1306,20240301,3,1,0.02,1,326
1307,20240301,3,2,0.02,0,346
1308,20240301,3,3,0.02,-1,218
1309,20240301,3,1,-0.257,1,52
1310,20240301,3,2,-0.257,0,83
1311,20240301,3,3,-0.257,-1,59
1312,20240301,3,1,-0.113,1,53
1313,20240301,3,2,-0.113,0,69
1314,20240301,3,3,-0.113,-1,45
1315,20240401,3,1,-0.232,1,1006
1316,20240401,3,2,-0.232,0,1496
1317,20240401,3,3,-0.232,-1,1077
1318,20240401,3,1,0.043,1,480
1319,20240401,3,2,0.043,0,495
1320,20240401,3,3,0.043,-1,308
1321,20240401,3,1,-0.32,1,48
1322,20240401,3,2,-0.32,0,85
1323,20240401,3,3,-0.32,-1,62
1324,20240401,3,1,-0.162,1,49
1325,20240401,3,2,-0.162,0,67
1326,20240401,3,3,-0.162,-1,45
1327,20240501,3,1,-0.243,1,1174
1328,20240501,3,2,-0.243,0,1775
1329,20240501,3,3,-0.243,-1,1284
1330,20240501,3,1,0.013,1,666
1331,20240501,3,2,0.013,0,711
1332,20240501,3,3,0.013,-1,451
1333,20240501,3,1,-0.259,1,9
1334,20240501,3,2,-0.259,0,16
1335,20240501,3,3,-0.259,-1,10
1336,20240501,3,1,-0.073,1,59
1337,20240501,3,2,-0.073,0,73
1338,20240501,3,3,-0.073,-1,47
1339,20240601,3,1,-0.276,1,1256
1340,20240601,3,2,-0.276,0,1997
1341,20240601,3,3,-0.276,-1,1466
1342,20240601,3,1,-0.032,1,776
1343,20240601,3,2,-0.032,0,878
1344,20240601,3,3,-0.032,-1,571
1345,20240601,3,1,-0.3,1,212
1346,20240601,3,2,-0.3,0,353
1347,20240601,3,3,-0.3,-1,260
1348,20240601,3,1,-0.204,1,53
1349,20240601,3,2,-0.204,0,77
1350,20240601,3,3,-0.204,-1,53
1351,20240701,3,1,-0.304,1,1335
1352,20240701,3,2,-0.304,0,2220
1353,20240701,3,3,-0.304,-1,1649
1354,20240701,3,1,-0.068,1,942
1355,20240701,3,2,-0.068,0,1116
1356,20240701,3,3,-0.068,-1,741
1357,20240701,3,1,-0.293,1,446
1358,20240701,3,2,-0.293,0,729
1359,20240701,3,3,-0.293,-1,538
1360,20240701,3,1,-0.134,1,61
1361,20240701,3,2,-0.134,0,79
1362,20240701,3,3,-0.134,-1,54
1363,20240801,3,1,-0.326,1,1351
1364,20240801,3,2,-0.326,0,2328
1365,20240801,3,3,-0.326,-1,1744
1366,20240801,3,1,-0.093,1,1057
1367,20240801,3,2,-0.093,0,1293
1368,20240801,3,3,-0.093,-1,871
1369,20240801,3,1,-0.381,1,660
1370,20240801,3,2,-0.381,0,1250
1371,20240801,3,3,-0.381,-1,956
1372,20240801,3,1,-0.227,1,61
1373,20240801,3,2,-0.227,0,91
1374,20240801,3,3,-0.227,-1,64
1375,20240901,3,1,-0.325,1,1525
1376,20240901,3,2,-0.325,0,2625
1377,20240901,3,3,-0.325,-1,1966
1378,20240901,3,1,-0.038,1,1329
1379,20240901,3,2,-0.038,0,1512
1380,20240901,3,3,-0.038,-1,989
1381,20240901,3,1,-0.39,1,856
1382,20240901,3,2,-0.39,0,1647
1383,20240901,3,3,-0.39,-1,1264
1384,20240901,3,1,-0.273,1,56
1385,20240901,3,2,-0.273,0,90
1386,20240901,3,3,-0.273,-1,65
1387,20241001,3,1,-0.323,1,1447
1388,20241001,3,2,-0.323,0,2480
1389,20241001,3,3,-0.323,-1,1857
1390,20241001,3,1,-0.095,1,1310
1391,20241001,3,2,-0.095,0,1606
1392,20241001,3,3,-0.095,-1,1083
1393,20241001,3,1,-0.339,1,1119
1394,20241001,3,2,-0.339,0,1972
1395,20241001,3,3,-0.339,-1,1484
1396,20241001,3,1,-0.132,1,71
1397,20241001,3,2,-0.132,0,94
1398,20241001,3,3,-0.132,-1,63
1399,20241101,3,1,-0.219,1,1692
1400,20241101,3,2,-0.219,0,2468
1401,20241101,3,3,-0.219,-1,1767
1402,20241101,3,1,-0.022,1,1574
1403,20241101,3,2,-0.022,0,1754
1404,20241101,3,3,-0.022,-1,1138
1405,20241101,3,1,-0.346,1,1343
1406,20241101,3,2,-0.346,0,2393
1407,20241101,3,3,-0.346,-1,1808
1408,20241101,3,1,-0.216,1,68
1409,20241101,3,2,-0.216,0,100
1410,20241101,3,3,-0.216,-1,70
1411,20241201,3,1,-0.328,1,1460
1412,20241201,3,2,-0.328,0,2524
1413,20241201,3,3,-0.328,-1,1893
1414,20241201,3,1,-0.11,1,1450
1415,20241201,3,2,-0.11,0,1814
1416,20241201,3,3,-0.11,-1,1232
1417,20241201,3,1,-0.377,1,1348
1418,20241201,3,2,-0.377,0,2533
1419,20241201,3,3,-0.377,-1,1936
1420,20241201,3,1,-0.118,1,71
1421,20241201,3,2,-0.118,0,92
1422,20241201,3,3,-0.118,-1,61
1423,20250101,3,1,-0.164,1,1612
1424,20250101,3,2,-0.164,0,2172
1425,20250101,3,3,-0.164,-1,1516
1426,20250101,3,1,0.064,1,1631
1427,20250101,3,2,0.064,0,1635
1428,20250101,3,3,0.064,-1,1008
1429,20250101,3,1,-0.327,1,1544
1430,20250101,3,2,-0.327,0,2666
1431,20250101,3,3,-0.327,-1,1998
1432,20250101,3,1,-0.117,1,11
1433,20250101,3,2,-0.117,0,15
1434,20250101,3,3,-0.117,-1,9
1435,20250201,3,1,-0.248,1,1295
1436,20250201,3,2,-0.248,0,1973
1437,20250201,3,3,-0.248,-1,1430
1438,20250201,3,1,0.106,1,1637
1439,20250201,3,2,0.106,0,1561
1440,20250201,3,3,0.106,-1,937
1441,20250201,3,1,-0.279,1,1760
1442,20250201,3,2,-0.279,0,2812
1443,20250201,3,3,-0.279,-1,2067
1444,20250201,3,1,-0.133,1,335
1445,20250201,3,2,-0.133,0,433
1446,20250201,3,3,-0.133,-1,297
1447,20250301,3,1,-0.088,1,1330
1448,20250301,3,2,-0.088,0,1615
1449,20250301,3,3,-0.088,-1,1085
1450,20250301,3,1,0.143,1,1501
1451,20250301,3,2,0.143,0,1371
1452,20250301,3,3,0.143,-1,802
1453,20250301,3,1,-0.27,1,1601
1454,20250301,3,2,-0.27,0,2523
1455,20250301,3,3,-0.27,-1,1847
1456,20250301,3,1,-0.096,1,677
1457,20250301,3,2,-0.096,0,832
1458,20250301,3,3,-0.096,-1,560
1459,20250401,3,1,-0.067,1,1158
1460,20250401,3,2,-0.067,0,1369
1461,20250401,3,3,-0.067,-1,909
1462,20250401,3,1,0.16,1,1393
1463,20250401,3,2,0.16,0,1247
1464,20250401,3,3,0.16,-1,722
1465,20250401,3,1,-0.215,1,1728
1466,20250401,3,2,-0.215,0,2507
1467,20250401,3,3,-0.215,-1,1791
1468,20250401,3,1,0.003,1,1023
1469,20250401,3,2,0.003,0,1106
1470,20250401,3,3,0.003,-1,707
1471,20250501,3,1,0.026,1,905
1472,20250501,3,2,0.026,0,951
1473,20250501,3,3,0.026,-1,599
1474,20250501,3,1,0.199,1,1144
1475,20250501,3,2,0.199,0,981
1476,20250501,3,3,0.199,-1,551
1477,20250501,3,1,-0.082,1,1735
1478,20250501,3,2,-0.082,0,2091
1479,20250501,3,3,-0.082,-1,1401
1480,20250501,3,1,0.035,1,1327
1481,20250501,3,2,0.035,0,1378
1482,20250501,3,3,0.035,-1,865
1483,20250601,3,1,-0.023,1,644
1484,20250601,3,2,-0.023,0,720
1485,20250601,3,3,-0.023,-1,466
1486,20250601,3,1,0.207,1,997
1487,20250601,3,2,0.207,0,847
1488,20250601,3,3,0.207,-1,473
1489,20250601,3,1,-0.119,1,1513
1490,20250601,3,2,-0.119,0,1915
1491,20250601,3,3,-0.119,-1,1307
1492,20250601,3,1,0.052,1,1461
1493,20250601,3,2,0.052,0,1486
1494,20250601,3,3,0.052,-1,923
1495,20250701,3,1,0.086,1,456
1496,20250701,3,2,0.086,0,447
1497,20250701,3,3,0.086,-1,271
1498,20250701,3,1,0.256,1,840
1499,20250701,3,2,0.256,0,677
1500,20250701,3,3,0.256,-1,364
1501,20250701,3,1,0.012,1,1513
1502,20250701,3,2,0.012,0,1617
1503,20250701,3,3,0.012,-1,1028
1504,20250701,3,1,0.073,1,1462
1505,20250701,3,2,0.073,0,1450
1506,20250701,3,3,0.073,-1,889
1507,20250801,3,1,0.087,1,229
1508,20250801,3,2,0.087,0,225
1509,20250801,3,3,0.087,-1,135
1510,20250801,3,1,0.183,1,555
1511,20250801,3,2,0.183,0,485
1512,20250801,3,3,0.183,-1,275
1513,20250801,3,1,0.056,1,1349
1514,20250801,3,2,0.056,0,1366
1515,20250801,3,3,0.056,-1,846
1516,20250801,3,1,0.103,1,1570
1517,20250801,3,2,0.103,0,1503
1518,20250801,3,3,0.103,-1,904
1519,20250901,3,1,0.124,1,14
1520,20250901,3,2,0.124,0,14
1521,20250901,3,3,0.124,-1,7
1522,20250901,3,1,0.355,1,434
1523,20250901,3,2,0.355,0,314
1524,20250901,3,3,0.355,-1,155
1525,20250901,3,1,0.025,1,1007
1526,20250901,3,2,0.025,0,1059
1527,20250901,3,3,0.025,-1,668
1528,20250901,3,1,0.089,1,1579
1529,20250901,3,2,0.089,0,1536
1530,20250901,3,3,0.089,-1,932
1531,20251001,3,1,0.04,1,573
1532,20251001,3,2,0.04,0,593
1533,20251001,3,3,0.04,-1,370
1534,20251001,3,1,0.355,1,224
1535,20251001,3,2,0.355,0,163
1536,20251001,3,3,0.355,-1,80
1537,20251001,3,1,-0.031,1,792
1538,20251001,3,2,-0.031,0,894
1539,20251001,3,3,-0.031,-1,582
1540,20251001,3,1,0.213,1,1752
1541,20251001,3,2,0.213,0,1477
1542,20251001,3,3,0.213,-1,823
1543,20251101,3,1,-0.0,1,532
1544,20251101,3,2,-0.0,0,578
1545,20251101,3,3,-0.0,-1,369
1546,20251101,3,1,0.294,1,16
1547,20251101,3,2,0.294,0,13
1548,20251101,3,3,0.294,-1,6
1549,20251101,3,1,-0.034,1,554
1550,20251101,3,2,-0.034,0,627
1551,20251101,3,3,-0.034,-1,409
1552,20251101,3,1,0.111,1,1525
1553,20251101,3,2,0.111,0,1446
1554,20251101,3,3,0.111,-1,865
1555,20251201,3,1,0.089,1,528
1556,20251201,3,2,0.089,0,514
1557,20251201,3,3,0.089,-1,311
1558,20251201,3,1,0.183,1,455
1559,20251201,3,2,0.183,0,399
1560,20251201,3,3,0.183,-1,226
1561,20251201,3,1,-0.034,1,307
1562,20251201,3,2,-0.034,0,348
1563,20251201,3,3,-0.034,-1,227
1564,20251201,3,1,0.145,1,1550
1565,20251201,3,2,0.145,0,1412
1566,20251201,3,3,0.145,-1,825
1567,20260101,3,1,0.085,1,557
1568,20260101,3,2,0.085,0,546
1569,20260101,3,3,0.085,-1,331
1570,20260101,3,1,0.224,1,499
1571,20260101,3,2,0.224,0,417
1572,20260101,3,3,0.224,-1,230
1573,20260101,3,1,-0.034,1,12
1574,20260101,3,2,-0.034,0,14
1575,20260101,3,3,-0.034,-1,9
1576,20260101,3,1,0.054,1,1300
1577,20260101,3,2,0.054,0,1320
1578,20260101,3,3,0.054,-1,818
1579,20260201,3,1,-0.021,1,521
1580,20260201,3,2,-0.021,0,581
1581,20260201,3,3,-0.021,-1,376
1582,20260201,3,1,0.214,1,457
1583,20260201,3,2,0.214,0,386
1584,20260201,3,3,0.214,-1,214
1585,20260201,3,1,-0.0,1,658
1586,20260201,3,2,-0.0,0,714
1587,20260201,3,3,-0.0,-1,457
1588,20260201,3,1,0.03,1,1070
1589,20260201,3,2,0.03,0,1118
1590,20260201,3,3,0.03,-1,703
1591,20260301,3,1,-0.025,1,484
1592,20260301,3,2,-0.025,0,543
1593,20260301,3,3,-0.025,-1,352
1594,20260301,3,1,0.191,1,477
1595,20260301,3,2,0.191,0,413
1596,20260301,3,3,0.191,-1,233
1597,20260301,3,1,-0.166,1,557
1598,20260301,3,2,-0.166,0,753
1599,20260301,3,3,-0.166,-1,526
1600,20260301,3,1,0.031,1,799
1601,20260301,3,2,0.031,0,835
1602,20260301,3,3,0.031,-1,524
1603,20260401,3,1,-0.135,1,430
1604,20260401,3,2,-0.135,0,557
1605,20260401,3,3,-0.135,-1,382
1606,20260401,3,1,0.057,1,412
1607,20260401,3,2,0.057,0,417
1608,20260401,3,3,0.057,-1,258
1609,20260401,3,1,-0.135,1,595
1610,20260401,3,2,-0.135,0,771
1611,20260401,3,3,-0.135,-1,530
1612,20260401,3,1,0.027,1,395
1613,20260401,3,2,0.027,0,416
1614,20260401,3,3,0.027,-1,261
1615,20260501,3,1,-0.209,1,382
1616,20260501,3,2,-0.209,0,550
1617,20260501,3,3,-0.209,-1,391
1618,20260501,3,1,0.141,1,414
1619,20260501,3,2,0.141,0,380
1620,20260501,3,3,0.141,-1,222
1621,20260501,3,1,-0.207,1,510
1622,20260501,3,2,-0.207,0,731
1623,20260501,3,3,-0.207,-1,520
1624,20260501,3,1,-0.081,1,11
1625,20260501,3,2,-0.081,0,15
1626,20260501,3,3,-0.081,-1,9
1627,20260601,3,1,-0.107,1,398
1628,20260601,3,2,-0.107,0,497
1629,20260601,3,3,-0.107,-1,337
1630,20260601,3,1,0.088,1,383
1631,20260601,3,2,0.088,0,375
1632,20260601,3,3,0.088,-1,226
1633,20260601,3,1,-0.28,1,440
1634,20260601,3,2,-0.28,0,705
1635,20260601,3,3,-0.28,-1,517
1636,20260601,3,1,-0.04,1,616
1637,20260601,3,2,-0.04,0,705
1638,20260601,3,3,-0.04,-1,460
1639,20230101,4,1,-0.126,1,53
1640,20230101,4,2,-0.126,0,70
1641,20230101,4,3,-0.126,-1,47
1642,20230101,4,1,0.001,1,51
1643,20230101,4,2,0.001,0,57
1644,20230101,4,3,0.001,-1,35
1645,20230101,4,1,-0.079,1,76
1646,20230101,4,2,-0.079,0,92
1647,20230101,4,3,-0.079,-1,61
1648,20230101,4,1,0.071,1,49
1649,20230101,4,2,0.071,0,49
1650,20230101,4,3,0.071,-1,30
1651,20230201,4,1,0.028,1,64
1652,20230201,4,2,0.028,0,68
1653,20230201,4,3,0.028,-1,42
1654,20230201,4,1,0.011,1,52
1655,20230201,4,2,0.011,0,58
1656,20230201,4,3,0.011,-1,35
1657,20230201,4,1,0.04,1,86
1658,20230201,4,2,0.04,0,90
1659,20230201,4,3,0.04,-1,55
1660,20230201,4,1,0.04,1,53
1661,20230201,4,2,0.04,0,55
1662,20230201,4,3,0.04,-1,34
1663,20230301,4,1,0.078,1,13
1664,20230301,4,2,0.078,0,14
1665,20230301,4,3,0.078,-1,8
1666,20230301,4,1,0.116,1,65
1667,20230301,4,2,0.116,0,63
1668,20230301,4,3,0.116,-1,37
1669,20230301,4,1,0.068,1,97
1670,20230301,4,2,0.068,0,99
1671,20230301,4,3,0.068,-1,59
1672,20230301,4,1,0.152,1,60
1673,20230301,4,2,0.152,0,56
1674,20230301,4,3,0.152,-1,31
1675,20230401,4,1,0.008,1,337
1676,20230401,4,2,0.008,0,363
1677,20230401,4,3,0.008,-1,231
1678,20230401,4,1,0.215,1,68
1679,20230401,4,2,0.215,0,59
1680,20230401,4,3,0.215,-1,32
1681,20230401,4,1,0.112,1,103
1682,20230401,4,2,0.112,0,98
1683,20230401,4,3,0.112,-1,58
1684,20230401,4,1,0.218,1,65
1685,20230401,4,2,0.218,0,57
1686,20230401,4,3,0.218,-1,30
1687,20230501,4,1,-0.006,1,650
1688,20230501,4,2,-0.006,0,711
1689,20230501,4,3,-0.006,-1,456
1690,20230501,4,1,0.126,1,67
1691,20230501,4,2,0.126,0,63
1692,20230501,4,3,0.126,-1,37
1693,20230501,4,1,0.169,1,109
1694,20230501,4,2,0.169,0,99
1695,20230501,4,3,0.169,-1,55
1696,20230501,4,1,0.186,1,64
1697,20230501,4,2,0.186,0,58
1698,20230501,4,3,0.186,-1,31
1699,20230601,4,1,0.11,1,1067
1700,20230601,4,2,0.11,0,1012
1701,20230601,4,3,0.11,-1,606
1702,20230601,4,1,0.135,1,14
1703,20230601,4,2,0.135,0,14
1704,20230601,4,3,0.135,-1,7
1705,20230601,4,1,0.122,1,106
1706,20230601,4,2,0.122,0,101
1707,20230601,4,3,0.122,-1,59
1708,20230601,4,1,0.284,1,71
1709,20230601,4,2,0.284,0,57
1710,20230601,4,3,0.284,-1,29
1711,20230701,4,1,0.058,1,1311
1712,20230701,4,2,0.058,0,1323
1713,20230701,4,3,0.058,-1,819
1714,20230701,4,1,0.276,1,281
1715,20230701,4,2,0.276,0,222
1716,20230701,4,3,0.276,-1,117
1717,20230701,4,1,0.217,1,114
1718,20230701,4,2,0.217,0,98
1719,20230701,4,3,0.217,-1,53
1720,20230701,4,1,0.27,1,70
1721,20230701,4,2,0.27,0,58
1722,20230701,4,3,0.27,-1,29
1723,20230801,4,1,0.04,1,1461
1724,20230801,4,2,0.04,0,1509
1725,20230801,4,3,0.04,-1,943
1726,20230801,4,1,0.19,1,546
1727,20230801,4,2,0.19,0,473
1728,20230801,4,3,0.19,-1,267
1729,20230801,4,1,0.231,1,108
1730,20230801,4,2,0.231,0,91
1731,20230801,4,3,0.231,-1,49
1732,20230801,4,1,0.267,1,67
1733,20230801,4,2,0.267,0,55
1734,20230801,4,3,0.267,-1,28
1735,20230901,4,1,0.032,1,1476
1736,20230901,4,2,0.032,0,1538
1737,20230901,4,3,0.032,-1,967
1738,20230901,4,1,0.205,1,742
1739,20230901,4,2,0.205,0,632
1740,20230901,4,3,0.205,-1,353
1741,20230901,4,1,0.151,1,96
1742,20230901,4,2,0.151,0,89
1743,20230901,4,3,0.151,-1,50
1744,20230901,4,1,0.161,1,56
1745,20230901,4,2,0.161,0,52
1746,20230901,4,3,0.161,-1,29
1747,20231001,4,1,0.085,1,1608
1748,20231001,4,2,0.085,0,1571
1749,20231001,4,3,0.085,-1,956
1750,20231001,4,1,0.22,1,928
1751,20231001,4,2,0.22,0,777
1752,20231001,4,3,0.22,-1,430
1753,20231001,4,1,0.142,1,92
1754,20231001,4,2,0.142,0,85
1755,20231001,4,3,0.142,-1,49
1756,20231001,4,1,0.275,1,59
1757,20231001,4,2,0.275,0,48
1758,20231001,4,3,0.275,-1,24
1759,20231101,4,1,0.029,1,1557
1760,20231101,4,2,0.029,0,1629
1761,20231101,4,3,0.029,-1,1025
1762,20231101,4,1,0.203,1,1008
1763,20231101,4,2,0.203,0,861
1764,20231101,4,3,0.203,-1,482
1765,20231101,4,1,0.096,1,87
1766,20231101,4,2,0.096,0,86
1767,20231101,4,3,0.096,-1,51
1768,20231101,4,1,0.177,1,51
1769,20231101,4,2,0.177,0,47
1770,20231101,4,3,0.177,-1,25
1771,20231201,4,1,-0.036,1,1258
1772,20231201,4,2,-0.036,0,1429
1773,20231201,4,3,-0.036,-1,933
1774,20231201,4,1,0.169,1,1112
1775,20231201,4,2,0.169,0,987
1776,20231201,4,3,0.169,-1,567
1777,20231201,4,1,0.086,1,83
1778,20231201,4,2,0.086,0,83
1779,20231201,4,3,0.086,-1,49
1780,20231201,4,1,0.213,1,50
1781,20231201,4,2,0.213,0,43
1782,20231201,4,3,0.213,-1,23
1783,20240101,4,1,-0.013,1,1205
1784,20240101,4,2,-0.013,0,1328
1785,20240101,4,3,-0.013,-1,857
1786,20240101,4,1,0.115,1,1098
1787,20240101,4,2,0.115,0,1036
1788,20240101,4,3,0.115,-1,618
1789,20240101,4,1,0.011,1,72
1790,20240101,4,2,0.011,0,77
1791,20240101,4,3,0.011,-1,49
1792,20240101,4,1,0.072,1,44
1793,20240101,4,2,0.072,0,45
1794,20240101,4,3,0.072,-1,27
1795,20240201,4,1,-0.054,1,996
1796,20240201,4,2,-0.054,0,1157
1797,20240201,4,3,-0.054,-1,763
1798,20240201,4,1,-0.007,1,1018
1799,20240201,4,2,-0.007,0,1115
1800,20240201,4,3,-0.007,-1,716
1801,20240201,4,1,-0.053,1,11
1802,20240201,4,2,-0.053,0,15
1803,20240201,4,3,-0.053,-1,9
1804,20240201,4,1,0.135,1,47
1805,20240201,4,2,0.135,0,46
1806,20240201,4,3,0.135,-1,25
1807,20240301,4,1,-0.109,1,797
1808,20240301,4,2,-0.109,0,997
1809,20240301,4,3,-0.109,-1,676
1810,20240301,4,1,-0.069,1,994
1811,20240301,4,2,-0.069,0,1178
1812,20240301,4,3,-0.069,-1,783
1813,20240301,4,1,-0.007,1,198
1814,20240301,4,2,-0.007,0,218
1815,20240301,4,3,-0.007,-1,139
1816,20240301,4,1,0.012,1,40
1817,20240301,4,2,0.012,0,44
1818,20240301,4,3,0.012,-1,27
1819,20240401,4,1,-0.086,1,681
1820,20240401,4,2,-0.086,0,826
1821,20240401,4,3,-0.086,-1,554
1822,20240401,4,1,-0.034,1,1017
1823,20240401,4,2,-0.034,0,1151
1824,20240401,4,3,-0.034,-1,751
1825,20240401,4,1,-0.162,1,331
1826,20240401,4,2,-0.162,0,447
1827,20240401,4,3,-0.162,-1,310
1828,20240401,4,1,-0.066,1,36
1829,20240401,4,2,-0.066,0,45
1830,20240401,4,3,-0.066,-1,28
1831,20240501,4,1,-0.238,1,413
1832,20240501,4,2,-0.238,0,622
1833,20240501,4,3,-0.238,-1,448
1834,20240501,4,1,-0.113,1,990
1835,20240501,4,2,-0.113,0,1243
1836,20240501,4,3,-0.113,-1,846
1837,20240501,4,1,-0.061,1,600
1838,20240501,4,2,-0.061,0,704
1839,20240501,4,3,-0.061,-1,466
1840,20240501,4,1,-0.049,1,40
1841,20240501,4,2,-0.049,0,47
1842,20240501,4,3,-0.049,-1,30
1843,20240601,4,1,-0.157,1,232
1844,20240601,4,2,-0.157,0,312
1845,20240601,4,3,-0.157,-1,215
1846,20240601,4,1,-0.084,1,1034
1847,20240601,4,2,-0.084,0,1250
1848,20240601,4,3,-0.084,-1,837
1849,20240601,4,1,-0.226,1,688
1850,20240601,4,2,-0.226,0,1016
1851,20240601,4,3,-0.226,-1,728
1852,20240601,4,1,-0.122,1,39
1853,20240601,4,2,-0.122,0,51
1854,20240601,4,3,-0.122,-1,34
1855,20240701,4,1,-0.271,1,9
1856,20240701,4,2,-0.271,0,16
1857,20240701,4,3,-0.271,-1,10
1858,20240701,4,1,-0.121,1,975
1859,20240701,4,2,-0.121,0,1238
1860,20240701,4,3,-0.121,-1,845
1861,20240701,4,1,-0.238,1,855
1862,20240701,4,2,-0.238,0,1284
1863,20240701,4,3,-0.238,-1,926
1864,20240701,4,1,-0.193,1,37
1865,20240701,4,2,-0.193,0,53
1866,20240701,4,3,-0.193,-1,37
1867,20240801,4,1,-0.266,1,360
1868,20240801,4,2,-0.266,0,565
1869,20240801,4,3,-0.266,-1,412
1870,20240801,4,1,-0.138,1,946
1871,20240801,4,2,-0.138,0,1230
1872,20240801,4,3,-0.138,-1,847
1873,20240801,4,1,-0.166,1,1142
1874,20240801,4,2,-0.166,0,1545
1875,20240801,4,3,-0.166,-1,1078
1876,20240801,4,1,-0.082,1,45
1877,20240801,4,2,-0.082,0,57
1878,20240801,4,3,-0.082,-1,36
1879,20240901,4,1,-0.201,1,390
1880,20240901,4,2,-0.201,0,555
1881,20240901,4,3,-0.201,-1,393
1882,20240901,4,1,-0.085,1,882
1883,20240901,4,2,-0.085,0,1068
1884,20240901,4,3,-0.085,-1,716
1885,20240901,4,1,-0.143,1,1388
1886,20240901,4,2,-0.143,0,1816
1887,20240901,4,3,-0.143,-1,1255
1888,20240901,4,1,-0.148,1,46
1889,20240901,4,2,-0.148,0,63
1890,20240901,4,3,-0.148,-1,42
1891,20241001,4,1,-0.252,1,353
1892,20241001,4,2,-0.252,0,543
1893,20241001,4,3,-0.252,-1,393
1894,20241001,4,1,-0.131,1,739
1895,20241001,4,2,-0.131,0,953
1896,20241001,4,3,-0.131,-1,653
1897,20241001,4,1,-0.232,1,1450
1898,20241001,4,2,-0.232,0,2157
1899,20241001,4,3,-0.232,-1,1553
1900,20241001,4,1,-0.149,1,48
1901,20241001,4,2,-0.149,0,64
1902,20241001,4,3,-0.149,-1,44
1903,20241101,4,1,-0.263,1,320
1904,20241101,4,2,-0.263,0,499
1905,20241101,4,3,-0.263,-1,364
1906,20241101,4,1,-0.146,1,579
1907,20241101,4,2,-0.146,0,761
1908,20241101,4,3,-0.146,-1,526
1909,20241101,4,1,-0.21,1,1679
1910,20241101,4,2,-0.21,0,2416
1911,20241101,4,3,-0.21,-1,1723
1912,20241101,4,1,-0.183,1,47
1913,20241101,4,2,-0.183,0,66
1914,20241101,4,3,-0.183,-1,45
1915,20241201,4,1,-0.277,1,301
1916,20241201,4,2,-0.277,0,482
1917,20241201,4,3,-0.277,-1,353
1918,20241201,4,1,-0.077,1,435
1919,20241201,4,2,-0.077,0,523
1920,20241201,4,3,-0.077,-1,348
1921,20241201,4,1,-0.119,1,1946
1922,20241201,4,2,-0.119,0,2464
1923,20241201,4,3,-0.119,-1,1682
1924,20241201,4,1,-0.111,1,48
1925,20241201,4,2,-0.111,0,63
1926,20241201,4,3,-0.111,-1,41
1927,20250101,4,1,-0.113,1,322
1928,20250101,4,2,-0.113,0,406
1929,20250101,4,3,-0.113,-1,275
1930,20250101,4,1,-0.137,1,204
1931,20250101,4,2,-0.137,0,265
1932,20250101,4,3,-0.137,-1,182
1933,20250101,4,1,-0.173,1,1935
1934,20250101,4,2,-0.173,0,2640
1935,20250101,4,3,-0.173,-1,1850
1936,20250101,4,1,-0.112,1,11
1937,20250101,4,2,-0.112,0,15
1938,20250101,4,3,-0.112,-1,9
1939,20250201,4,1,-0.1,1,285
1940,20250201,4,2,-0.1,0,353
1941,20250201,4,3,-0.1,-1,238
1942,20250201,4,1,-0.101,1,11
1943,20250201,4,2,-0.101,0,15
1944,20250201,4,3,-0.101,-1,9
1945,20250201,4,1,-0.081,1,2125
1946,20250201,4,2,-0.081,0,2556
1947,20250201,4,3,-0.081,-1,1711
1948,20250201,4,1,-0.021,1,196
1949,20250201,4,2,-0.021,0,219
1950,20250201,4,3,-0.021,-1,141
1951,20250301,4,1,-0.079,1,258
1952,20250301,4,2,-0.079,0,311
1953,20250301,4,3,-0.079,-1,207
1954,20250301,4,1,0.003,1,461
1955,20250301,4,2,0.003,0,500
1956,20250301,4,3,0.003,-1,318
1957,20250301,4,1,-0.038,1,2172
1958,20250301,4,2,-0.038,0,2471
1959,20250301,4,3,-0.038,-1,1617
1960,20250301,4,1,0.069,1,405
1961,20250301,4,2,0.069,0,405
1962,20250301,4,3,0.069,-1,248
1963,20250401,4,1,-0.113,1,211
1964,20250401,4,2,-0.113,0,266
1965,20250401,4,3,-0.113,-1,180
1966,20250401,4,1,0.03,1,422
1967,20250401,4,2,0.03,0,443
1968,20250401,4,3,0.03,-1,277
1969,20250401,4,1,-0.037,1,2013
1970,20250401,4,2,-0.037,0,2288
1971,20250401,4,3,-0.037,-1,1496
1972,20250401,4,1,0.06,1,575
1973,20250401,4,2,0.06,0,581
1974,20250401,4,3,0.06,-1,358
1975,20250501,4,1,0.021,1,228
1976,20250501,4,2,0.021,0,242
1977,20250501,4,3,0.021,-1,152
1978,20250501,4,1,0.064,1,363
1979,20250501,4,2,0.064,0,366
1980,20250501,4,3,0.064,-1,224
1981,20250501,4,1,0.059,1,2007
1982,20250501,4,2,0.059,0,2023
1983,20250501,4,3,0.059,-1,1251
1984,20250501,4,1,0.183,1,781
1985,20250501,4,2,0.183,0,683
1986,20250501,4,3,0.183,-1,388
1987,20250601,4,1,0.094,1,197
1988,20250601,4,2,0.094,0,191
1989,20250601,4,3,0.094,-1,115
1990,20250601,4,1,0.076,1,339
1991,20250601,4,2,0.076,0,335
1992,20250601,4,3,0.076,-1,205
1993,20250601,4,1,0.154,1,2209
1994,20250601,4,2,0.154,0,1992
1995,20250601,4,3,0.154,-1,1158
1996,20250601,4,1,0.229,1,931
1997,20250601,4,2,0.229,0,772
1998,20250601,4,3,0.229,-1,424
1999,20250701,4,1,0.111,1,181
2000,20250701,4,2,0.111,0,173
2001,20250701,4,3,0.111,-1,103
2002,20250701,4,1,0.161,1,312
2003,20250701,4,2,0.161,0,281
2004,20250701,4,3,0.161,-1,161
2005,20250701,4,1,0.156,1,2024
2006,20250701,4,2,0.156,0,1821
2007,20250701,4,3,0.156,-1,1057
2008,20250701,4,1,0.174,1,968
2009,20250701,4,2,0.174,0,854
2010,20250701,4,3,0.174,-1,489
2011,20250801,4,1,0.078,1,156
2012,20250801,4,2,0.078,0,156
2013,20250801,4,3,0.078,-1,94
2014,20250801,4,1,0.232,1,290
2015,20250801,4,2,0.232,0,240
2016,20250801,4,3,0.232,-1,131
2017,20250801,4,1,0.112,1,1762
2018,20250801,4,2,0.112,0,1669
2019,20250801,4,3,0.112,-1,997
2020,20250801,4,1,0.207,1,1108
2021,20250801,4,2,0.207,0,941
2022,20250801,4,3,0.207,-1,526
2023,20250901,4,1,0.149,1,159
2024,20250901,4,2,0.149,0,145
2025,20250901,4,3,0.149,-1,84
2026,20250901,4,1,0.264,1,303
2027,20250901,4,2,0.264,0,243
2028,20250901,4,3,0.264,-1,129
2029,20250901,4,1,0.209,1,1825
2030,20250901,4,2,0.209,0,1546
2031,20250901,4,3,0.209,-1,864
2032,20250901,4,1,0.213,1,1081
2033,20250901,4,2,0.213,0,912
2034,20250901,4,3,0.213,-1,507
2035,20251001,4,1,0.07,1,134
2036,20251001,4,2,0.07,0,135
2037,20251001,4,3,0.07,-1,82
2038,20251001,4,1,0.141,1,260
2039,20251001,4,2,0.141,0,240
2040,20251001,4,3,0.141,-1,139
2041,20251001,4,1,0.166,1,1498
2042,20251001,4,2,0.166,0,1332
2043,20251001,4,3,0.166,-1,768
2044,20251001,4,1,0.153,1,1141
2045,20251001,4,2,0.153,0,1030
2046,20251001,4,3,0.153,-1,599
2047,20251101,4,1,0.14,1,153
2048,20251101,4,2,0.14,0,141
2049,20251101,4,3,0.14,-1,82
2050,20251101,4,1,0.257,1,253
2051,20251101,4,2,0.257,0,204
2052,20251101,4,3,0.257,-1,109
2053,20251101,4,1,0.158,1,1536
2054,20251101,4,2,0.158,0,1380
2055,20251101,4,3,0.158,-1,799
2056,20251101,4,1,0.298,1,1308
2057,20251101,4,2,0.298,0,1006
2058,20251101,4,3,0.298,-1,523
2059,20251201,4,1,0.137,1,153
2060,20251201,4,2,0.137,0,142
2061,20251201,4,3,0.137,-1,83
2062,20251201,4,1,0.152,1,234
2063,20251201,4,2,0.152,0,213
2064,20251201,4,3,0.152,-1,123
2065,20251201,4,1,0.079,1,1261
2066,20251201,4,2,0.079,0,1242
2067,20251201,4,3,0.079,-1,758
2068,20251201,4,1,0.222,1,1360
2069,20251201,4,2,0.222,0,1137
2070,20251201,4,3,0.222,-1,628
2071,20260101,4,1,0.04,1,161
2072,20260101,4,2,0.04,0,167
2073,20260101,4,3,0.04,-1,104
2074,20260101,4,1,0.16,1,232
2075,20260101,4,2,0.16,0,209
2076,20260101,4,3,0.16,-1,120
2077,20260101,4,1,0.136,1,1208
2078,20260101,4,2,0.136,0,1112
2079,20260101,4,3,0.136,-1,654
2080,20260101,4,1,0.171,1,1262
2081,20260101,4,2,0.171,0,1117
2082,20260101,4,3,0.171,-1,641
2083,20260201,4,1,-0.005,1,154
2084,20260201,4,2,-0.005,0,169
2085,20260201,4,3,-0.005,-1,107
2086,20260201,4,1,0.149,1,235
2087,20260201,4,2,0.149,0,215
2088,20260201,4,3,0.149,-1,124
2089,20260201,4,1,0.059,1,1004
2090,20260201,4,2,0.059,0,1014
2091,20260201,4,3,0.059,-1,626
2092,20260201,4,1,0.133,1,1267
2093,20260201,4,2,0.133,0,1172
2094,20260201,4,3,0.133,-1,690
2095,20260301,4,1,-0.001,1,162
2096,20260301,4,2,-0.001,0,177
2097,20260301,4,3,-0.001,-1,113
2098,20260301,4,1,0.154,1,224
2099,20260301,4,2,0.154,0,203
2100,20260301,4,3,0.154,-1,117
2101,20260301,4,1,0.016,1,779
2102,20260301,4,2,0.016,0,829
2103,20260301,4,3,0.016,-1,525
2104,20260301,4,1,0.038,1,1117
2105,20260301,4,2,0.038,0,1156
2106,20260301,4,3,0.038,-1,723
2107,20260401,4,1,-0.064,1,165
2108,20260401,4,2,-0.064,0,195
2109,20260401,4,3,-0.064,-1,128
2110,20260401,4,1,0.008,1,186
2111,20260401,4,2,0.008,0,201
2112,20260401,4,3,0.008,-1,127
2113,20260401,4,1,0.005,1,501
2114,20260401,4,2,0.005,0,541
2115,20260401,4,3,0.005,-1,345
2116,20260401,4,1,0.101,1,1072
2117,20260401,4,2,0.101,0,1030
2118,20260401,4,3,0.101,-1,619
2119,20260501,4,1,-0.018,1,167
2120,20260501,4,2,-0.018,0,187
2121,20260501,4,3,-0.018,-1,120
2122,20260501,4,1,0.082,1,195
2123,20260501,4,2,0.082,0,193
2124,20260501,4,3,0.082,-1,116
2125,20260501,4,1,-0.104,1,230
2126,20260501,4,2,-0.104,0,286
2127,20260501,4,3,-0.104,-1,193
2128,20260501,4,1,-0.016,1,788
2129,20260501,4,2,-0.016,0,873
2130,20260501,4,3,-0.016,-1,564
2131,20260601,4,1,-0.116,1,160
2132,20260601,4,2,-0.116,0,204
2133,20260601,4,3,-0.116,-1,138
2134,20260601,4,1,0.009,1,168
2135,20260601,4,2,0.009,0,181
2136,20260601,4,3,0.009,-1,115
2137,20260601,4,1,-0.081,1,11
2138,20260601,4,2,-0.081,0,15
2139,20260601,4,3,-0.081,-1,9
2140,20260601,4,1,-0.068,1,572
2141,20260601,4,2,-0.068,0,677
2142,20260601,4,3,-0.068,-1,450
