narrative_fact_key,date_key,topic_key,event_key,narrative_strength,growth_rate,influence_score,lifecycle_stage
1,20230101,1,1,1,40.0,9.8,Emerging
2,20230101,2,1,3.85,38.89,16.75,Emerging
3,20230101,3,1,3.72,39.42,19.48,Emerging
4,20230101,4,1,3.81,39.43,9.89,Emerging
5,20230101,5,1,3.78,38.94,16.11,Emerging
6,20230201,1,1,17.25,1674.29,99,Emerging
7,20230201,2,1,4.04,5.0,13.71,Emerging
8,20230201,3,1,4.01,7.93,8.97,Emerging
9,20230201,4,1,4.0,4.92,14.05,Emerging
10,20230201,5,1,3.84,1.59,13.35,Emerging
11,20230301,1,1,35.72,107.09,49.14,Emerging
12,20230301,2,1,4.15,2.86,13.44,Emerging
13,20230301,3,1,4.18,4.15,6.13,Emerging
14,20230301,4,1,4.02,0.39,15.21,Emerging
15,20230301,5,1,4.05,5.33,11.47,Emerging
16,20230401,1,1,53.94,51.01,52.52,Emerging
17,20230401,2,1,4.37,5.09,8.83,Emerging
18,20230401,3,1,4.1,-1.84,10.83,Emerging
19,20230401,4,1,4.09,1.95,9.68,Emerging
20,20230401,5,1,4.18,3.27,12.19,Emerging
21,20230501,1,1,70.67,31.0,60.23,Emerging
22,20230501,2,1,4.13,-5.29,14.35,Emerging
23,20230501,3,1,4.4,7.19,11.95,Emerging
24,20230501,4,1,4.33,5.73,13.99,Emerging
25,20230501,5,1,4.19,0.29,13.02,Emerging
26,20230601,1,1,85.0,20.28,71.88,Emerging
27,20230601,2,1,4.25,2.79,6.54,Emerging
28,20230601,3,1,4.13,-6.12,13.29,Emerging
29,20230601,4,1,4.3,-0.72,6.09,Emerging
30,20230601,5,1,4.43,5.75,12.83,Emerging
31,20230701,1,1,90.17,6.08,77.05,Growing
32,20230701,2,1,4.35,2.26,6.34,Emerging
33,20230701,3,1,4.09,-0.93,10.43,Emerging
34,20230701,4,1,4.16,-3.27,13.86,Emerging
35,20230701,5,1,4.14,-6.52,6.44,Emerging
36,20230801,1,1,97.53,8.16,84.7,Growing
37,20230801,2,1,4.04,-7.08,12.47,Emerging
38,20230801,3,1,3.94,-3.76,15.43,Emerging
39,20230801,4,1,4.23,1.88,5.57,Emerging
40,20230801,5,1,3.98,-4.07,12.73,Emerging
41,20230901,1,1,97.5,-0.03,87.73,Growing
42,20230901,2,1,3.79,-6.19,9.89,Emerging
43,20230901,3,1,4.05,2.93,12.11,Emerging
44,20230901,4,1,3.83,-9.59,10.01,Emerging
45,20230901,5,1,3.84,-3.33,13.94,Emerging
46,20231001,1,1,94.64,-2.93,92.14,Growing
47,20231001,2,1,3.83,1.02,6.2,Emerging
48,20231001,3,1,3.82,-5.7,15.65,Emerging
49,20231001,4,1,3.75,-2.04,13.79,Emerging
50,20231001,5,1,3.75,-2.51,6.68,Emerging
51,20231101,1,1,86.25,-8.86,92.06,Growing
52,20231101,2,1,1,-82.41,20.84,Emerging
53,20231101,3,1,3.58,-6.38,8.96,Emerging
54,20231101,4,1,3.38,-10.0,9.82,Emerging
55,20231101,5,1,3.48,-7.07,10.03,Emerging
56,20231201,1,1,78.94,-8.47,80.72,Peak
57,20231201,2,1,13.27,1871.43,99,Emerging
58,20231201,3,1,3.19,-10.75,9.99,Emerging
59,20231201,4,1,3.33,-1.39,14.13,Emerging
60,20231201,5,1,3.29,-5.54,13.31,Emerging
61,20240101,1,1,65.72,-16.75,75.03,Peak
62,20240101,2,1,25.29,90.58,44.28,Emerging
63,20240101,3,1,3.05,-4.42,12.33,Emerging
64,20240101,4,1,3.36,0.94,7.56,Emerging
65,20240101,5,1,3.01,-8.42,6.61,Emerging
66,20240201,1,1,56.69,-13.74,75.78,Peak
67,20240201,2,1,35.37,39.85,50.92,Emerging
68,20240201,3,1,3.0,-1.68,10.44,Emerging
69,20240201,4,1,3.17,-5.58,10.79,Emerging
70,20240201,5,1,3.24,7.6,10.9,Emerging
71,20240301,1,1,47.89,-15.53,59.0,Peak
72,20240301,2,1,43.54,23.11,60.06,Emerging
73,20240301,3,1,3.12,3.85,9.11,Emerging
74,20240301,4,1,3.0,-5.42,13.0,Emerging
75,20240301,5,1,3.02,-6.69,10.94,Emerging
76,20240401,1,1,39.47,-17.58,49.63,Declining
77,20240401,2,1,58.5,34.36,63.98,Emerging
78,20240401,3,1,3.23,3.7,7.1,Emerging
79,20240401,4,1,3.06,2.08,14.82,Emerging
80,20240401,5,1,3.2,5.98,11.31,Emerging
81,20240501,1,1,27.83,-29.49,41.12,Declining
82,20240501,2,1,68.98,17.92,73.21,Growing
83,20240501,3,1,3.1,-3.97,15.22,Emerging
84,20240501,4,1,3.12,2.04,6.54,Emerging
85,20240501,5,1,3.12,-2.63,10.92,Emerging
86,20240601,1,1,14.67,-47.31,26.86,Declining
87,20240601,2,1,80.5,16.7,79.44,Growing
88,20240601,3,1,3.63,16.94,11.27,Emerging
89,20240601,4,1,3.48,11.5,13.59,Emerging
90,20240601,5,1,3.34,6.95,12.42,Emerging
91,20240701,1,1,1,-93.37,16.82,Declining
92,20240701,2,1,89.88,11.66,83.11,Growing
93,20240701,3,1,3.78,4.24,11.23,Emerging
94,20240701,4,1,3.73,7.17,8.42,Emerging
95,20240701,5,1,3.72,11.55,11.94,Emerging
96,20240801,1,1,30.28,3014.29,99,Archived
97,20240801,2,1,93.1,3.57,88.1,Growing
98,20240801,3,1,3.82,1.02,13.09,Emerging
99,20240801,4,1,3.69,-1.26,13.67,Emerging
100,20240801,5,1,3.86,3.56,12.64,Emerging
101,20240901,1,1,29.97,-1.01,26.62,Archived
102,20240901,2,1,99.58,6.96,88.15,Growing
103,20240901,3,1,1,-88.26,13.47,Emerging
104,20240901,4,1,4.2,13.98,15.92,Emerging
105,20240901,5,1,4.16,7.81,11.42,Emerging
106,20241001,1,1,28.67,-4.36,34.29,Archived
107,20241001,2,1,100,4.85,91.08,Growing
108,20241001,3,1,17.64,3831.43,99,Emerging
109,20241001,4,1,4.3,2.23,7.45,Emerging
110,20241001,5,1,4.2,1.16,10.93,Emerging
111,20241101,1,1,26.5,-7.56,30.49,Archived
112,20241101,2,1,100,-0.85,89.71,Peak
113,20241101,3,1,35.33,100.29,49.01,Emerging
114,20241101,4,1,4.28,-0.36,14.91,Emerging
115,20241101,5,1,4.43,5.44,15.03,Emerging
116,20241201,1,1,25.97,-1.99,25.52,Archived
117,20241201,2,1,95.6,-7.65,85.26,Peak
118,20241201,3,1,55.4,56.79,50.62,Emerging
119,20241201,4,1,4.34,1.46,8.87,Emerging
120,20241201,5,1,4.4,-0.82,10.39,Emerging
121,20250101,1,1,22.72,-12.51,30.22,Archived
122,20250101,2,1,86.98,-9.01,71.79,Peak
123,20250101,3,1,69.96,26.29,59.24,Emerging
124,20250101,4,1,1,-87.41,15.19,Emerging
125,20250101,5,1,4.33,-1.64,14.1,Emerging
126,20250201,1,1,20.94,-7.82,22.59,Archived
127,20250201,2,1,72.94,-16.14,62.42,Peak
128,20250201,3,1,81.4,16.35,68.03,Emerging
129,20250201,4,1,15.28,2694.29,99,Emerging
130,20250201,5,1,4.24,-1.95,11.41,Emerging
131,20250301,1,1,18.11,-13.53,24.88,Archived
132,20250301,2,1,57.27,-21.49,53.11,Declining
133,20250301,3,1,88.59,8.84,79.38,Growing
134,20250301,4,1,26.78,75.26,42.96,Emerging
135,20250301,5,1,3.95,-6.82,14.73,Emerging
136,20250401,1,1,15.75,-13.04,24.52,Archived
137,20250401,2,1,40.92,-28.54,48.79,Declining
138,20250401,3,1,90.73,2.42,85.32,Growing
139,20250401,4,1,39.8,48.6,51.32,Emerging
140,20250401,5,1,3.7,-6.4,14.39,Emerging
141,20250501,1,1,14.33,-8.99,23.9,Archived
142,20250501,2,1,28.5,-30.36,34.4,Declining
143,20250501,3,1,87.35,-3.73,85.13,Growing
144,20250501,4,1,45.86,15.23,57.47,Emerging
145,20250501,5,1,3.57,-3.58,9.34,Emerging
146,20250601,1,1,12.97,-9.5,18.74,Archived
147,20250601,2,1,13.37,-53.1,25.44,Declining
148,20250601,3,1,88.82,1.69,84.3,Growing
149,20250601,4,1,55.59,21.23,65.48,Emerging
150,20250601,5,1,3.37,-5.41,15.87,Emerging
151,20250701,1,1,11.47,-11.56,15.44,Archived
152,20250701,2,1,1,-94.96,17.54,Declining
153,20250701,3,1,82.23,-7.42,84.25,Growing
154,20250701,4,1,62.42,12.28,66.66,Emerging
155,20250701,5,1,3.29,-2.5,7.33,Emerging
156,20250801,1,1,9.69,-15.5,17.51,Archived
157,20250801,2,1,24.73,3574.29,99,Archived
158,20250801,3,1,76.62,-6.83,84.92,Peak
159,20250801,4,1,65.66,5.18,78.04,Growing
160,20250801,5,1,3.05,-7.33,7.91,Emerging
161,20250901,1,1,9.22,-4.87,21.28,Archived
162,20250901,2,1,22.6,-8.63,30.74,Archived
163,20250901,3,1,66.4,-13.34,82.49,Peak
164,20250901,4,1,68.67,4.59,83.42,Growing
165,20250901,5,1,3.11,1.98,13.5,Emerging
166,20251001,1,1,8.47,-8.13,19.36,Archived
167,20251001,2,1,20.79,-8.0,25.92,Archived
168,20251001,3,1,60.63,-8.69,67.22,Peak
169,20251001,4,1,79.39,15.61,87.9,Growing
170,20251001,5,1,3.17,1.94,5.86,Emerging
171,20251101,1,1,7.86,-7.21,11.98,Archived
172,20251101,2,1,20.92,0.65,23.68,Archived
173,20251101,3,1,50.29,-17.04,65.94,Peak
174,20251101,4,1,76.62,-3.48,84.21,Growing
175,20251101,5,1,1,-86.69,15.6,Emerging
176,20251201,1,1,8.92,13.43,15.54,Archived
177,20251201,2,1,19.65,-6.07,24.09,Archived
178,20251201,3,1,40.65,-19.17,49.06,Declining
179,20251201,4,1,87.77,14.54,91.85,Growing
180,20251201,5,1,14.29,3288.57,99,Emerging
181,20260101,1,1,8.75,-1.87,14.42,Archived
182,20260101,2,1,20.0,1.76,28.95,Archived
183,20260101,3,1,31.68,-22.08,38.48,Declining
184,20260101,4,1,86.2,-1.78,91.85,Growing
185,20260101,5,1,31.54,120.74,45.87,Emerging
186,20260201,1,1,9.17,4.76,12.92,Archived
187,20260201,2,1,20.9,4.52,26.88,Archived
188,20260201,3,1,16.68,-47.35,23.14,Declining
189,20260201,4,1,92.5,7.3,84.92,Peak
190,20260201,5,1,48.13,52.6,50.47,Emerging
191,20260301,1,1,10.14,10.61,20.56,Archived
192,20260301,2,1,19.92,-4.69,20.35,Archived
193,20260301,3,1,1,-97.31,12.87,Declining
194,20260301,4,1,92.02,-0.52,80.56,Peak
195,20260301,5,1,65.9,36.92,61.68,Emerging
196,20260401,1,1,10.44,3.01,16.56,Archived
197,20260401,2,1,18.92,-5.02,19.1,Archived
198,20260401,3,1,32.73,7194.29,99,Archived
199,20260401,4,1,84.97,-7.66,78.72,Peak
200,20260401,5,1,80.31,21.86,72.75,Emerging
201,20260501,1,1,11.08,6.12,16.47,Archived
202,20260501,2,1,19.02,0.51,23.79,Archived
203,20260501,3,1,31.29,-4.39,31.68,Archived
204,20260501,4,1,79.17,-6.82,65.64,Peak
205,20260501,5,1,94.75,17.97,80.21,Growing
206,20260601,1,1,10.58,-4.51,19.48,Archived
207,20260601,2,1,17.08,-10.21,22.32,Archived
208,20260601,3,1,28.26,-9.71,30.22,Archived
209,20260601,4,1,68.91,-12.97,66.95,Peak
210,20260601,5,1,96.82,2.19,84.24,Growing
211,20230101,6,2,3.77,39.66,13.16,Emerging
212,20230101,7,2,3.52,39.69,13.25,Emerging
213,20230101,8,2,3.58,39.49,9.76,Emerging
214,20230101,9,2,3.61,39.78,11.01,Emerging
215,20230201,6,2,3.84,1.85,9.14,Emerging
216,20230201,7,2,4.02,14.21,9.62,Emerging
217,20230201,8,2,3.93,9.93,8.71,Emerging
218,20230201,9,2,3.89,7.69,14.64,Emerging
219,20230301,6,2,3.95,3.03,10.53,Emerging
220,20230301,7,2,4.06,0.96,13.84,Emerging
221,20230301,8,2,4.11,4.35,5.97,Emerging
222,20230301,9,2,4.03,3.57,12.35,Emerging
223,20230401,6,2,4.16,5.29,6.07,Emerging
224,20230401,7,2,4.38,8.06,14.31,Emerging
225,20230401,8,2,4.08,-0.64,14.87,Emerging
226,20230401,9,2,4.25,5.52,8.16,Emerging
227,20230501,6,2,4.4,5.59,13.73,Emerging
228,20230501,7,2,4.21,-3.95,5.73,Emerging
229,20230501,8,2,4.2,2.9,7.38,Emerging
230,20230501,9,2,4.36,2.61,8.16,Emerging
231,20230601,6,2,4.33,-1.59,9.01,Emerging
232,20230601,7,2,4.19,-0.46,9.58,Emerging
233,20230601,8,2,4.39,4.7,15.75,Emerging
234,20230601,9,2,4.42,1.27,9.72,Emerging
235,20230701,6,2,1,-81.18,15.74,Emerging
236,20230701,7,2,4.33,3.21,10.15,Emerging
237,20230701,8,2,4.09,-6.89,10.35,Emerging
238,20230701,9,2,4.31,-2.52,12.21,Emerging
239,20230801,6,2,26.91,3205.71,99,Emerging
240,20230801,7,2,4.23,-2.22,8.73,Emerging
241,20230801,8,2,4.28,4.5,7.19,Emerging
242,20230801,9,2,4.06,-5.81,8.31,Emerging
243,20230901,6,2,47.51,76.58,55.74,Emerging
244,20230901,7,2,4.1,-3.18,12.38,Emerging
245,20230901,8,2,4.0,-6.46,14.53,Emerging
246,20230901,9,2,3.89,-4.11,9.25,Emerging
247,20231001,6,2,62.65,31.86,66.3,Emerging
248,20231001,7,2,3.62,-11.74,7.24,Emerging
249,20231001,8,2,3.84,-3.95,5.72,Emerging
250,20231001,9,2,3.75,-3.57,8.54,Emerging
251,20231101,6,2,73.74,17.71,84.19,Growing
252,20231101,7,2,3.4,-5.85,7.61,Emerging
253,20231101,8,2,3.58,-6.85,11.84,Emerging
254,20231101,9,2,3.44,-8.15,14.35,Emerging
255,20231201,6,2,82.02,11.23,90.71,Growing
256,20231201,7,2,1,-80.23,19.51,Emerging
257,20231201,8,2,3.42,-4.41,7.32,Emerging
258,20231201,9,2,3.25,-5.65,7.16,Emerging
259,20240101,6,2,84.21,2.67,85.3,Growing
260,20240101,7,2,17.12,2442.86,99,Emerging
261,20240101,8,2,3.34,-2.31,14.09,Emerging
262,20240101,9,2,3.25,0.0,8.39,Emerging
263,20240201,6,2,72.74,-13.62,85.93,Peak
264,20240201,7,2,32.71,91.12,56.53,Emerging
265,20240201,8,2,3.12,-6.69,6.05,Emerging
266,20240201,9,2,3.0,-7.69,9.01,Emerging
267,20240301,6,2,65.58,-9.85,81.22,Peak
268,20240301,7,2,48.1,47.03,58.43,Emerging
269,20240301,8,2,1,-85.23,17.1,Emerging
270,20240301,9,2,2.94,-1.85,14.15,Emerging
271,20240401,6,2,56.86,-13.3,64.56,Peak
272,20240401,7,2,60.48,25.75,70.7,Emerging
273,20240401,8,2,29.42,6288.57,99,Emerging
274,20240401,9,2,3.22,9.43,7.61,Emerging
275,20240501,6,2,40.26,-29.2,52.09,Declining
276,20240501,7,2,73.06,20.79,85.53,Growing
277,20240501,8,2,56.3,91.37,74.59,Emerging
278,20240501,9,2,3.28,1.72,12.26,Emerging
279,20240601,6,2,21.74,-45.98,36.0,Declining
280,20240601,7,2,86.15,17.93,85.54,Growing
281,20240601,8,2,83.28,47.91,87.95,Growing
282,20240601,9,2,3.47,5.93,15.04,Emerging
283,20240701,6,2,1,-96.26,16.15,Declining
284,20240701,7,2,91.87,6.63,87.46,Growing
285,20240701,8,2,93.87,12.72,88.75,Growing
286,20240701,9,2,1,-72.0,19.22,Emerging
287,20240801,6,2,28.49,3400.0,99,Archived
288,20240801,7,2,95.19,3.62,86.55,Growing
289,20240801,8,2,90.61,-3.48,85.01,Peak
290,20240801,9,2,19.28,1882.86,99,Emerging
291,20240901,6,2,28.0,-1.71,33.57,Archived
292,20240901,7,2,92.48,-2.85,80.86,Peak
293,20240901,8,2,73.24,-19.17,63.36,Peak
294,20240901,9,2,39.67,105.76,47.17,Emerging
295,20241001,6,2,25.63,-8.47,23.59,Archived
296,20241001,7,2,78.79,-14.81,71.17,Peak
297,20241001,8,2,40.04,-45.33,42.45,Declining
298,20241001,9,2,60.33,52.1,53.66,Emerging
299,20241101,6,2,24.0,-6.35,21.98,Archived
300,20241101,7,2,67.02,-14.94,59.07,Declining
301,20241101,8,2,1,-98.85,21.5,Declining
302,20241101,9,2,74.11,22.84,66.7,Emerging
303,20241201,6,2,20.67,-13.86,23.3,Archived
304,20241201,7,2,45.08,-32.74,49.71,Declining
305,20241201,8,2,30.49,6520.0,99,Archived
306,20241201,9,2,90.11,21.59,80.02,Growing
307,20250101,6,2,17.63,-14.74,20.13,Archived
308,20250101,7,2,23.37,-48.17,26.32,Declining
309,20250101,8,2,26.21,-14.03,33.31,Archived
310,20250101,9,2,100,11.87,85.52,Growing
311,20250201,6,2,15.44,-12.4,22.91,Archived
312,20250201,7,2,1,-97.12,18.48,Declining
313,20250201,8,2,20.33,-22.44,30.45,Archived
314,20250201,9,2,100,4.74,86.85,Growing
315,20250301,6,2,14.16,-8.28,14.3,Archived
316,20250301,7,2,31.31,4551.43,99,Archived
317,20250301,8,2,16.39,-19.35,26.29,Archived
318,20250301,9,2,100,-4.89,87.03,Growing
319,20250401,6,2,11.21,-20.85,18.84,Archived
320,20250401,7,2,26.77,-14.5,34.11,Archived
321,20250401,8,2,13.61,-17.01,18.68,Archived
322,20250401,9,2,94.81,-5.59,86.29,Growing
323,20250501,6,2,9.77,-12.86,21.3,Archived
324,20250501,7,2,21.58,-19.4,31.53,Archived
325,20250501,8,2,10.59,-22.15,18.23,Archived
326,20250501,9,2,85.94,-9.35,80.03,Peak
327,20250601,6,2,8.47,-13.33,18.33,Archived
328,20250601,7,2,18.92,-12.3,26.89,Archived
329,20250601,8,2,9.07,-14.41,20.06,Archived
330,20250601,9,2,67.39,-21.59,74.26,Peak
331,20250701,6,2,7.86,-7.14,16.29,Archived
332,20250701,7,2,16.0,-15.45,22.79,Archived
333,20250701,8,2,7.82,-13.79,12.2,Archived
334,20250701,9,2,58.36,-13.4,69.5,Peak
335,20250801,6,2,7.81,-0.59,14.47,Archived
336,20250801,7,2,15.23,-4.81,20.62,Archived
337,20250801,8,2,8.12,3.87,17.48,Archived
338,20250801,9,2,45.61,-21.85,55.09,Declining
339,20250901,6,2,7.81,0.0,19.42,Archived
340,20250901,7,2,12.73,-16.41,19.55,Archived
341,20250901,8,2,7.8,-3.89,14.96,Archived
342,20250901,9,2,30.33,-33.5,37.81,Declining
343,20251001,6,2,7.74,-0.89,15.25,Archived
344,20251001,7,2,12.62,-0.91,15.23,Archived
345,20251001,8,2,8.09,3.71,12.83,Archived
346,20251001,9,2,14.72,-51.47,26.15,Declining
347,20251101,6,2,8.33,7.51,15.06,Archived
348,20251101,7,2,11.5,-8.84,15.81,Archived
349,20251101,8,2,8.18,1.14,17.3,Archived
350,20251101,9,2,1,-93.4,17.73,Declining
351,20251201,6,2,8.33,0.0,14.79,Archived
352,20251201,7,2,10.56,-8.19,17.09,Archived
353,20251201,8,2,8.62,5.31,13.3,Archived
354,20251201,9,2,25.25,2497.14,99,Archived
355,20260101,6,2,9.33,12.01,11.65,Archived
356,20260101,7,2,10.1,-4.37,18.65,Archived
357,20260101,8,2,8.71,1.07,13.51,Archived
358,20260101,9,2,25.5,0.99,30.82,Archived
359,20260201,6,2,9.86,5.74,13.22,Archived
360,20260201,7,2,9.88,-2.1,20.26,Archived
361,20260201,8,2,9.37,7.55,14.98,Archived
362,20260201,9,2,25.06,-1.74,25.7,Archived
363,20260301,6,2,10.4,5.42,18.11,Archived
364,20260301,7,2,10.31,4.28,16.13,Archived
365,20260301,8,2,10.05,7.3,11.51,Archived
366,20260301,9,2,24.86,-0.78,28.69,Archived
367,20260401,6,2,10.09,-2.91,14.1,Archived
368,20260401,7,2,10.29,-0.19,16.34,Archived
369,20260401,8,2,10.45,3.93,13.44,Archived
370,20260401,9,2,23.69,-4.69,24.76,Archived
371,20260501,6,2,11.0,8.99,15.39,Archived
372,20260501,7,2,10.92,6.17,19.57,Archived
373,20260501,8,2,11.09,6.17,18.22,Archived
374,20260501,9,2,22.47,-5.16,22.14,Archived
375,20260601,6,2,10.42,-5.29,18.77,Archived
376,20260601,7,2,10.71,-1.94,11.97,Archived
377,20260601,8,2,10.61,-4.39,16.42,Archived
378,20260601,9,2,20.11,-10.51,20.17,Archived
379,20230101,10,3,3.69,38.96,13.76,Emerging
380,20230101,11,3,3.73,39.09,19.05,Emerging
381,20230101,12,3,3.68,38.92,18.22,Emerging
382,20230101,13,3,3.74,39.31,17.11,Emerging
383,20230201,10,3,3.78,2.34,11.59,Emerging
384,20230201,11,3,3.78,1.31,9.95,Emerging
385,20230201,12,3,3.95,7.33,13.46,Emerging
386,20230201,13,3,3.78,0.99,12.03,Emerging
387,20230301,10,3,4.12,9.13,8.26,Emerging
388,20230301,11,3,3.9,3.23,9.13,Emerging
389,20230301,12,3,3.95,0.0,13.94,Emerging
390,20230301,13,3,4.24,12.25,12.7,Emerging
391,20230401,10,3,4.14,0.42,13.02,Emerging
392,20230401,11,3,4.17,6.88,10.81,Emerging
393,20230401,12,3,4.33,9.64,11.71,Emerging
394,20230401,13,3,4.24,0.0,12.25,Emerging
395,20230501,10,3,4.31,4.17,11.66,Emerging
396,20230501,11,3,4.34,4.09,8.98,Emerging
397,20230501,12,3,4.32,-0.37,10.03,Emerging
398,20230501,13,3,4.19,-1.31,6.49,Emerging
399,20230601,10,3,4.31,0.0,11.03,Emerging
400,20230601,11,3,4.15,-4.49,15.08,Emerging
401,20230601,12,3,4.13,-4.41,14.9,Emerging
402,20230601,13,3,4.44,6.19,12.95,Emerging
403,20230701,10,3,4.36,1.2,6.2,Emerging
404,20230701,11,3,4.24,2.35,7.48,Emerging
405,20230701,12,3,4.11,-0.38,13.49,Emerging
406,20230701,13,3,4.28,-3.75,14.97,Emerging
407,20230801,10,3,4.07,-6.72,6.02,Emerging
408,20230801,11,3,4.05,-4.6,10.55,Emerging
409,20230801,12,3,4.24,3.09,8.48,Emerging
410,20230801,13,3,4.17,-2.6,12.3,Emerging
411,20230901,10,3,1,-85.17,15.32,Emerging
412,20230901,11,3,3.88,-4.22,12.31,Emerging
413,20230901,12,3,3.98,-5.99,8.4,Emerging
414,20230901,13,3,4.07,-2.22,9.23,Emerging
415,20231001,10,3,12.16,1914.29,99,Emerging
416,20231001,11,3,3.63,-6.29,15.33,Emerging
417,20231001,12,3,3.68,-7.57,6.93,Emerging
418,20231001,13,3,3.76,-7.73,13.42,Emerging
419,20231101,10,3,22.88,88.23,42.9,Emerging
420,20231101,11,3,3.41,-6.04,12.35,Emerging
421,20231101,12,3,3.41,-7.33,14.55,Emerging
422,20231101,13,3,3.65,-2.96,8.32,Emerging
423,20231201,10,3,33.12,44.76,47.33,Emerging
424,20231201,11,3,3.24,-5.0,12.24,Emerging
425,20231201,12,3,3.3,-3.26,8.12,Emerging
426,20231201,13,3,3.2,-12.18,15.95,Emerging
427,20240101,10,3,41.74,26.03,52.35,Emerging
428,20240101,11,3,1,-73.68,11.29,Emerging
429,20240101,12,3,3.24,-1.92,12.71,Emerging
430,20240101,13,3,3.15,-1.73,13.37,Emerging
431,20240201,10,3,44.69,7.06,61.42,Emerging
432,20240201,11,3,11.15,1205.71,99,Emerging
433,20240201,12,3,2.94,-9.31,15.79,Emerging
434,20240201,13,3,3.09,-1.76,11.2,Emerging
435,20240301,10,3,53.81,20.41,70.12,Emerging
436,20240301,11,3,21.71,94.75,39.58,Emerging
437,20240301,12,3,3.08,4.86,11.69,Emerging
438,20240301,13,3,3.09,0.0,14.05,Emerging
439,20240401,10,3,61.71,14.67,70.43,Emerging
440,20240401,11,3,31.29,44.16,49.63,Emerging
441,20240401,12,3,3.1,0.52,9.73,Emerging
442,20240401,13,3,2.98,-3.59,13.24,Emerging
443,20240501,10,3,72.98,18.27,83.72,Growing
444,20240501,11,3,44.59,42.48,59.47,Emerging
445,20240501,12,3,1,-82.05,17.31,Emerging
446,20240501,13,3,3.31,11.18,14.41,Emerging
447,20240601,10,3,81.36,11.48,81.96,Growing
448,20240601,11,3,54.27,21.72,65.33,Emerging
449,20240601,12,3,13.1,2257.14,99,Emerging
450,20240601,13,3,3.39,2.23,15.43,Emerging
451,20240701,10,3,89.72,10.28,90.28,Growing
452,20240701,11,3,68.27,25.8,72.66,Emerging
453,20240701,12,3,27.19,107.64,46.86,Emerging
454,20240701,13,3,3.59,6.01,9.91,Emerging
455,20240801,10,3,93.5,4.21,89.81,Growing
456,20240801,11,3,78.56,15.08,78.34,Growing
457,20240801,12,3,45.49,67.31,49.63,Emerging
458,20240801,13,3,4.0,11.34,16.41,Emerging
459,20240901,10,3,100,12.78,89.9,Growing
460,20240901,11,3,93.41,18.91,82.3,Growing
461,20240901,12,3,59.79,31.44,58.67,Emerging
462,20240901,13,3,3.91,-2.31,12.67,Emerging
463,20241001,10,3,99.72,-5.43,89.41,Growing
464,20241001,11,3,97.54,4.41,85.44,Growing
465,20241001,12,3,72.62,21.45,63.46,Emerging
466,20241001,13,3,4.22,8.06,7.58,Emerging
467,20241101,10,3,100,2.47,89.53,Peak
468,20241101,11,3,100,11.68,88.02,Growing
469,20241101,12,3,88.0,21.18,74.6,Growing
470,20241101,13,3,4.41,4.39,15.74,Emerging
471,20241201,10,3,100,-0.84,84.35,Peak
472,20241201,11,3,100,0.67,86.36,Growing
473,20241201,12,3,92.33,4.92,80.75,Growing
474,20241201,13,3,4.15,-5.88,14.28,Emerging
475,20250101,10,3,91.38,-9.82,83.78,Peak
476,20250101,11,3,100,-4.94,84.1,Growing
477,20250101,12,3,98.54,6.72,84.27,Growing
478,20250101,13,3,1,-84.38,13.07,Emerging
479,20250201,10,3,81.0,-11.36,77.32,Peak
480,20250201,11,3,100,-3.25,87.26,Peak
481,20250201,12,3,100,6.94,84.84,Growing
482,20250201,13,3,19.72,2942.86,99,Emerging
483,20250301,10,3,69.48,-14.22,69.89,Peak
484,20250301,11,3,89.61,-11.15,82.11,Peak
485,20250301,12,3,94.78,-10.06,94.35,Growing
486,20250301,13,3,38.31,94.27,53.04,Emerging
487,20250401,10,3,59.24,-14.74,57.22,Declining
488,20250401,11,3,82.0,-8.49,73.77,Peak
489,20250401,12,3,95.65,0.92,85.45,Growing
490,20250401,13,3,52.52,37.07,56.69,Emerging
491,20250501,10,3,42.33,-28.55,51.66,Declining
492,20250501,11,3,65.27,-20.4,75.25,Peak
493,20250501,12,3,82.97,-13.26,84.98,Peak
494,20250501,13,3,66.11,25.88,64.78,Emerging
495,20250601,10,3,31.55,-25.46,43.77,Declining
496,20250601,11,3,56.51,-13.42,58.62,Peak
497,20250601,12,3,75.16,-9.41,84.95,Peak
498,20250601,13,3,71.67,8.4,72.49,Growing
499,20250701,10,3,20.24,-35.85,35.75,Declining
500,20250701,11,3,45.88,-18.82,54.27,Declining
501,20250701,12,3,66.0,-12.19,78.8,Peak
502,20250701,13,3,70.39,-1.78,87.44,Growing
503,20250801,10,3,10.16,-49.83,19.05,Declining
504,20250801,11,3,32.07,-30.09,45.52,Declining
505,20250801,12,3,56.52,-14.36,62.53,Peak
506,20250801,13,3,73.65,4.63,84.34,Growing
507,20250901,10,3,1,-94.06,22.1,Declining
508,20250901,11,3,22.02,-31.33,31.53,Declining
509,20250901,12,3,43.4,-23.22,56.29,Declining
510,20250901,13,3,74.94,1.76,92.23,Growing
511,20251001,10,3,26.48,4288.57,99,Declining
512,20251001,11,3,11.39,-48.28,24.06,Declining
513,20251001,12,3,36.0,-17.04,50.85,Declining
514,20251001,13,3,75.04,0.12,84.18,Growing
515,20251101,10,3,25.5,-3.71,30.97,Archived
516,20251101,11,3,1,-92.51,20.51,Declining
517,20251101,12,3,25.24,-29.89,30.9,Declining
518,20251101,13,3,71.04,-5.33,84.05,Peak
519,20251201,10,3,23.33,-8.52,28.56,Archived
520,20251201,11,3,26.34,2985.71,99,Declining
521,20251201,12,3,14.0,-44.53,21.17,Declining
522,20251201,13,3,70.13,-1.28,77.92,Peak
523,20260101,10,3,24.72,5.99,31.59,Archived
524,20260101,11,3,27.95,6.11,29.46,Archived
525,20260101,12,3,1,-96.03,15.72,Declining
526,20260101,13,3,63.67,-9.22,63.09,Peak
527,20260201,10,3,25.48,3.07,29.61,Archived
528,20260201,11,3,25.78,-7.77,35.66,Archived
529,20260201,12,3,29.03,5125.71,99,Archived
530,20260201,13,3,53.54,-15.91,51.96,Declining
531,20260301,10,3,23.78,-6.7,31.85,Archived
532,20260301,11,3,27.39,6.24,27.07,Archived
533,20260301,12,3,29.14,0.38,34.98,Archived
534,20260301,13,3,39.96,-25.35,39.64,Declining
535,20260401,10,3,23.6,-0.73,27.43,Archived
536,20260401,11,3,26.51,-3.21,23.36,Archived
537,20260401,12,3,30.1,3.27,25.87,Archived
538,20260401,13,3,19.85,-50.32,24.59,Declining
539,20260501,10,3,22.81,-3.36,26.5,Archived
540,20260501,11,3,24.78,-6.53,27.19,Archived
541,20260501,12,3,27.95,-7.12,24.16,Archived
542,20260501,13,3,1,-96.74,19.41,Declining
543,20260601,10,3,21.24,-6.88,26.06,Archived
544,20260601,11,3,24.0,-3.15,25.52,Archived
545,20260601,12,3,26.38,-5.62,30.47,Archived
546,20260601,13,3,32.98,4988.57,99,Archived
547,20230101,14,4,3.7,39.34,10.55,Emerging
548,20230101,15,4,3.67,40.2,15.41,Emerging
549,20230101,16,4,3.69,39.63,14.54,Emerging
550,20230101,17,4,3.56,39.13,15.81,Emerging
551,20230201,14,4,3.78,2.35,15.04,Emerging
552,20230201,15,4,3.72,1.4,7.29,Emerging
553,20230201,16,4,3.73,0.87,8.38,Emerging
554,20230201,17,4,3.94,10.94,8.85,Emerging
555,20230301,14,4,1,-79.89,11.33,Emerging
556,20230301,15,4,4.23,13.79,14.42,Emerging
557,20230301,16,4,4.11,10.39,9.63,Emerging
558,20230301,17,4,4.08,3.52,7.73,Emerging
559,20230401,14,4,20.24,2560.0,99,Emerging
560,20230401,15,4,4.08,-3.64,7.36,Emerging
561,20230401,16,4,4.18,1.57,14.2,Emerging
562,20230401,17,4,4.22,3.4,8.58,Emerging
563,20230501,14,4,39.5,95.17,43.87,Emerging
564,20230501,15,4,4.28,5.03,10.54,Emerging
565,20230501,16,4,4.24,1.54,5.97,Emerging
566,20230501,17,4,4.25,0.66,10.28,Emerging
567,20230601,14,4,58.37,47.77,61.76,Emerging
568,20230601,15,4,1,-79.04,16.6,Emerging
569,20230601,16,4,4.29,1.14,6.51,Emerging
570,20230601,17,4,4.36,2.61,9.43,Emerging
571,20230701,14,4,75.07,28.6,73.01,Emerging
572,20230701,15,4,15.9,1671.43,99,Emerging
573,20230701,16,4,4.27,-0.38,5.5,Emerging
574,20230701,17,4,4.36,0.0,6.45,Emerging
575,20230801,14,4,85.07,13.32,74.51,Growing
576,20230801,15,4,32.97,107.42,48.3,Emerging
577,20230801,16,4,4.0,-6.42,12.52,Emerging
578,20230801,17,4,4.17,-4.46,12.4,Emerging
579,20230901,14,4,86.54,1.74,81.2,Growing
580,20230901,15,4,44.28,34.29,45.86,Emerging
581,20230901,16,4,3.79,-5.24,9.26,Emerging
582,20230901,17,4,3.81,-8.67,9.88,Emerging
583,20231001,14,4,89.89,3.87,84.25,Growing
584,20231001,15,4,54.74,23.62,53.31,Emerging
585,20231001,16,4,3.65,-3.83,6.9,Emerging
586,20231001,17,4,3.64,-4.38,14.96,Emerging
587,20231101,14,4,91.54,1.84,88.4,Growing
588,20231101,15,4,60.28,10.12,61.93,Emerging
589,20231101,16,4,3.61,-0.88,8.52,Emerging
590,20231101,17,4,3.42,-6.11,14.28,Emerging
591,20231201,14,4,78.7,-14.03,88.53,Growing
592,20231201,15,4,68.36,13.4,75.27,Growing
593,20231201,16,4,3.47,-4.02,5.8,Emerging
594,20231201,17,4,3.22,-5.69,8.15,Emerging
595,20240101,14,4,73.7,-6.35,83.57,Peak
596,20240101,15,4,70.56,3.23,79.45,Growing
597,20240101,16,4,3.19,-7.91,16.15,Emerging
598,20240101,17,4,3.22,0.0,10.03,Emerging
599,20240201,14,4,63.39,-13.98,72.34,Peak
600,20240201,15,4,73.05,3.52,82.45,Growing
601,20240201,16,4,1,-82.32,11.21,Emerging
602,20240201,17,4,3.28,1.72,10.35,Emerging
603,20240301,14,4,53.7,-15.29,68.47,Peak
604,20240301,15,4,75.77,3.72,90.83,Growing
605,20240301,16,4,8.95,1485.71,99,Emerging
606,20240301,17,4,3.08,-5.93,7.16,Emerging
607,20240401,14,4,44.8,-16.56,56.89,Declining
608,20240401,15,4,74.85,-1.22,90.42,Growing
609,20240401,16,4,17.55,96.04,33.17,Emerging
610,20240401,17,4,3.03,-1.8,12.25,Emerging
611,20240501,14,4,32.24,-28.04,42.45,Declining
612,20240501,15,4,78.95,5.48,85.41,Growing
613,20240501,16,4,28.55,62.68,41.54,Emerging
614,20240501,17,4,3.25,7.34,9.63,Emerging
615,20240601,14,4,16.5,-48.82,26.14,Declining
616,20240601,15,4,80.03,1.36,80.29,Peak
617,20240601,16,4,39.23,37.4,44.01,Emerging
618,20240601,17,4,3.44,5.98,13.38,Emerging
619,20240701,14,4,1,-95.39,19.72,Declining
620,20240701,15,4,78.41,-2.02,83.23,Peak
621,20240701,16,4,49.44,26.03,51.88,Emerging
622,20240701,17,4,3.53,2.42,8.01,Emerging
623,20240801,14,4,29.07,3720.0,99,Archived
624,20240801,15,4,77.51,-1.14,75.03,Peak
625,20240801,16,4,60.73,22.84,61.47,Emerging
626,20240801,17,4,3.83,8.66,8.63,Emerging
627,20240901,14,4,29.09,0.07,30.22,Archived
628,20240901,15,4,68.36,-11.81,69.42,Peak
629,20240901,16,4,71.92,18.43,70.04,Emerging
630,20240901,17,4,4.19,9.42,14.39,Emerging
631,20241001,14,4,28.02,-3.66,24.47,Archived
632,20241001,15,4,60.13,-12.04,57.47,Declining
633,20241001,16,4,83.23,15.72,68.62,Emerging
634,20241001,17,4,4.33,3.31,15.13,Emerging
635,20241101,14,4,25.72,-8.22,32.37,Archived
636,20241101,15,4,47.85,-20.43,46.24,Declining
637,20241101,16,4,93.84,12.75,81.44,Growing
638,20241101,17,4,4.39,1.28,10.19,Emerging
639,20241201,14,4,24.7,-3.97,28.36,Archived
640,20241201,15,4,33.49,-30.01,31.48,Declining
641,20241201,16,4,98.26,4.71,86.37,Growing
642,20241201,17,4,4.22,-3.8,11.64,Emerging
643,20250101,14,4,21.8,-11.71,22.15,Archived
644,20250101,15,4,16.69,-50.15,28.01,Declining
645,20250101,16,4,100,5.47,81.39,Growing
646,20250101,17,4,1,-76.97,12.8,Emerging
647,20250201,14,4,19.04,-12.66,20.41,Archived
648,20250201,15,4,1,-94.62,21.13,Declining
649,20250201,16,4,100,-0.51,88.29,Growing
650,20250201,17,4,15.44,1488.57,99,Emerging
651,20250301,14,4,16.87,-11.42,22.23,Archived
652,20250301,15,4,32.79,3554.29,99,Archived
653,20250301,16,4,100,-2.07,92.93,Growing
654,20250301,17,4,29.39,90.29,41.91,Emerging
655,20250401,14,4,14.28,-15.34,24.58,Archived
656,20250401,15,4,29.28,-10.71,27.9,Archived
657,20250401,16,4,93.5,-7.4,89.78,Growing
658,20250401,17,4,42.06,43.1,52.78,Emerging
659,20250501,14,4,13.52,-5.33,20.2,Archived
660,20250501,15,4,24.44,-16.55,33.37,Archived
661,20250501,16,4,85.18,-8.9,88.32,Growing
662,20250501,17,4,51.44,22.32,55.29,Emerging
663,20250601,14,4,10.93,-19.13,19.51,Archived
664,20250601,15,4,22.54,-7.76,28.31,Archived
665,20250601,16,4,86.44,1.48,91.02,Growing
666,20250601,17,4,59.08,14.85,69.93,Emerging
667,20250701,14,4,9.93,-9.15,22.47,Archived
668,20250701,15,4,19.33,-14.22,24.92,Archived
669,20250701,16,4,79.06,-8.53,85.28,Peak
670,20250701,17,4,64.19,8.65,69.88,Growing
671,20250801,14,4,8.83,-11.16,17.9,Archived
672,20250801,15,4,16.95,-12.33,27.01,Archived
673,20250801,16,4,71.42,-9.67,82.95,Peak
674,20250801,17,4,71.53,11.42,82.29,Growing
675,20250901,14,4,8.43,-4.43,14.48,Archived
676,20250901,15,4,17.31,2.12,25.96,Archived
677,20250901,16,4,68.31,-4.36,81.47,Peak
678,20250901,17,4,69.44,-2.91,86.88,Growing
679,20251001,14,4,7.63,-9.54,13.38,Archived
680,20251001,15,4,16.38,-5.33,26.06,Archived
681,20251001,16,4,58.03,-15.04,74.83,Peak
682,20251001,17,4,76.94,10.8,86.05,Growing
683,20251101,14,4,8.17,7.12,17.51,Archived
684,20251101,15,4,14.51,-11.42,18.71,Archived
685,20251101,16,4,59.92,3.25,66.55,Peak
686,20251101,17,4,78.81,2.42,87.7,Growing
687,20251201,14,4,8.22,0.53,13.69,Archived
688,20251201,15,4,14.62,0.71,18.98,Archived
689,20251201,16,4,52.6,-12.22,64.32,Declining
690,20251201,17,4,86.81,10.15,88.17,Growing
691,20260101,14,4,9.39,14.29,21.59,Archived
692,20260101,15,4,14.38,-1.58,18.32,Archived
693,20260101,16,4,47.97,-8.8,48.06,Declining
694,20260101,17,4,83.89,-3.36,88.65,Peak
695,20260201,14,4,9.35,-0.46,14.62,Archived
696,20260201,15,4,14.72,2.32,21.05,Archived
697,20260201,16,4,42.65,-11.1,42.6,Declining
698,20260201,17,4,86.92,3.61,79.1,Peak
699,20260301,14,4,9.83,5.12,12.84,Archived
700,20260301,15,4,13.95,-5.23,20.83,Archived
701,20260301,16,4,34.4,-19.33,40.4,Declining
702,20260301,17,4,83.22,-4.25,73.38,Peak
703,20260401,14,4,10.61,7.96,19.41,Archived
704,20260401,15,4,13.18,-5.51,21.02,Archived
705,20260401,16,4,22.37,-34.97,25.3,Declining
706,20260401,17,4,75.58,-9.18,67.67,Peak
707,20260501,14,4,10.3,-2.87,10.86,Archived
708,20260501,15,4,12.92,-1.95,21.47,Archived
709,20260501,16,4,11.44,-48.88,21.48,Declining
710,20260501,17,4,61.81,-18.23,57.79,Declining
711,20260601,14,4,10.91,5.91,16.38,Archived
712,20260601,15,4,11.9,-7.94,17.59,Archived
713,20260601,16,4,1,-95.06,12.96,Declining
714,20260601,17,4,47.19,-23.64,43.59,Declining
