trend_key,date_key,topic_key,event_key,trend_score,growth_rate,momentum
1,20230101,1,1,4.34,40.0,18.22
2,20230101,2,1,8.75,38.89,18.35
3,20230101,3,1,9.71,39.42,18.56
4,20230101,4,1,6.12,39.43,18.58
5,20230101,5,1,8.47,38.94,18.35
6,20230201,1,1,48.31,1674.29,100
7,20230201,2,1,7.71,5.0,3.14
8,20230201,3,1,5.89,7.93,4.45
9,20230201,4,1,7.82,4.92,3.09
10,20230201,5,1,7.45,1.59,1.56
11,20230301,1,1,40.82,107.09,56.05
12,20230301,2,1,7.68,2.86,2.2
13,20230301,3,1,4.92,4.15,2.79
14,20230301,4,1,8.27,0.39,1.06
15,20230301,5,1,6.87,5.33,3.29
16,20230401,1,1,53.4,51.01,34.82
17,20230401,2,1,6.06,5.09,3.25
18,20230401,3,1,6.66,-1.84,0.07
19,20230401,4,1,6.21,1.95,1.78
20,20230401,5,1,7.22,3.27,2.39
21,20230501,1,1,66.7,31.0,29.5
22,20230501,2,1,8.01,-5.29,-1.47
23,20230501,3,1,7.27,7.19,4.2
24,20230501,4,1,8.0,5.73,3.53
25,20230501,5,1,7.55,0.29,1.05
26,20230601,1,1,80.01,20.28,27.83
27,20230601,2,1,5.12,2.79,2.19
28,20230601,3,1,7.61,-6.12,-1.85
29,20230601,4,1,4.98,-0.72,0.62
30,20230601,5,1,7.62,5.75,3.56
31,20230701,1,1,85.18,6.08,22.57
32,20230701,2,1,5.11,2.26,1.97
33,20230701,3,1,6.5,-0.93,0.48
34,20230701,4,1,7.85,-3.27,-0.56
35,20230701,5,1,5.01,-6.52,-2.02
36,20230801,1,1,92.65,8.16,25.13
37,20230801,2,1,7.24,-7.08,-2.3
38,20230801,3,1,8.31,-3.76,-0.83
39,20230801,4,1,4.74,1.88,1.78
40,20230801,5,1,7.31,-4.07,-0.96
41,20230901,1,1,93.79,-0.03,21.44
42,20230901,2,1,6.11,-6.19,-1.95
43,20230901,3,1,7.11,2.93,2.21
44,20230901,4,1,6.18,-9.59,-3.47
45,20230901,5,1,7.68,-3.33,-0.65
46,20231001,1,1,93.69,-2.93,19.5
47,20231001,2,1,4.73,1.02,1.3
48,20231001,3,1,8.32,-5.7,-1.72
49,20231001,4,1,7.57,-2.04,-0.09
50,20231001,5,1,4.86,-2.51,-0.3
51,20231101,1,1,88.46,-8.86,14.99
52,20231101,2,1,8.54,-82.41,-36.86
53,20231101,3,1,5.62,-6.38,-2.08
54,20231101,4,1,5.83,-10.0,-3.76
55,20231101,5,1,5.97,-7.07,-2.42
56,20231201,1,1,79.62,-8.47,13.56
57,20231201,2,1,45.85,1871.43,100
58,20231201,3,1,5.77,-10.75,-4.14
59,20231201,4,1,7.43,-1.39,0.11
60,20231201,5,1,7.1,-5.54,-1.77
61,20240101,1,1,69.26,-16.75,6.92
62,20240101,2,1,32.51,90.58,46.32
63,20240101,3,1,6.58,-4.42,-1.32
64,20240101,4,1,4.96,0.94,1.16
65,20240101,5,1,4.38,-8.42,-3.13
66,20240201,1,1,63.94,-13.74,6.29
67,20240201,2,1,41.28,39.85,25.71
68,20240201,3,1,5.83,-1.68,-0.1
69,20240201,4,1,6.07,-5.58,-1.81
70,20240201,5,1,6.15,7.6,4.13
71,20240301,1,1,52.11,-15.53,3.55
72,20240301,2,1,49.82,23.11,19.98
73,20240301,3,1,5.4,3.85,2.42
74,20240301,4,1,6.8,-5.42,-1.78
75,20240301,5,1,6.03,-6.69,-2.35
76,20240401,1,1,43.33,-17.58,0.77
77,20240401,2,1,60.58,34.36,28.33
78,20240401,3,1,4.7,3.7,2.38
79,20240401,4,1,7.53,2.08,1.61
80,20240401,5,1,6.28,5.98,3.4
81,20240501,1,1,32.88,-29.49,-7.15
82,20240501,2,1,70.59,17.92,23.24
83,20240501,3,1,7.71,-3.97,-1.1
84,20240501,4,1,4.42,2.04,1.6
85,20240501,5,1,6.08,-2.63,-0.5
86,20240601,1,1,19.3,-47.31,-18.06
87,20240601,2,1,80.1,16.7,25.23
88,20240601,3,1,6.53,16.94,8.42
89,20240601,4,1,7.32,11.5,5.94
90,20240601,5,1,6.79,6.95,3.86
91,20240701,1,1,7.01,-93.37,-41.8
92,20240701,2,1,87.31,11.66,25.02
93,20240701,3,1,6.61,4.24,2.74
94,20240701,4,1,5.51,7.17,4.05
95,20240701,5,1,6.84,11.55,6.02
96,20240801,1,1,56.39,3014.29,100
97,20240801,2,1,91.2,3.57,22.09
98,20240801,3,1,7.34,1.02,1.3
99,20240801,4,1,7.48,-1.26,0.24
100,20240801,5,1,7.2,3.56,2.45
101,20240901,1,1,28.7,-1.01,6.14
102,20240901,2,1,95.24,6.96,25.04
103,20240901,3,1,5.74,-88.26,-39.5
104,20240901,4,1,8.65,13.98,7.22
105,20240901,5,1,6.92,7.81,4.43
106,20241001,1,1,30.81,-4.36,4.35
107,20241001,2,1,96.61,4.85,24.18
108,20241001,3,1,48.56,3831.43,100
109,20241001,4,1,5.5,2.23,1.95
110,20241001,5,1,6.76,1.16,1.45
111,20241101,1,1,28.02,-7.56,2.43
112,20241101,2,1,96.09,-0.85,21.62
113,20241101,3,1,40.53,100.29,52.9
114,20241101,4,1,8.32,-0.36,0.78
115,20241101,5,1,8.46,5.44,3.42
116,20241201,1,1,25.8,-1.99,4.82
117,20241201,2,1,91.67,-7.65,17.59
118,20241201,3,1,53.58,56.79,37.74
119,20241201,4,1,6.06,1.46,1.61
120,20241201,5,1,6.68,-0.82,0.6
121,20250101,1,1,25.57,-12.51,-0.63
122,20250101,2,1,81.21,-9.01,15.08
123,20250101,3,1,65.89,26.29,27.22
124,20250101,4,1,6.39,-87.41,-39.11
125,20250101,5,1,8.04,-1.64,0.21
126,20250201,1,1,21.57,-7.82,1.09
127,20250201,2,1,68.94,-16.14,8.78
128,20250201,3,1,76.32,16.35,25.27
129,20250201,4,1,47.09,2694.29,100
130,20250201,5,1,6.96,-1.95,0.06
131,20250301,1,1,20.68,-13.53,-2.1
132,20250301,2,1,55.69,-21.49,2.93
133,20250301,3,1,85.09,8.84,23.47
134,20250301,4,1,32.93,75.26,39.76
135,20250301,5,1,8.05,-6.82,-2.2
136,20250401,1,1,19.08,-13.04,-2.4
137,20250401,2,1,43.91,-28.54,-3.84
138,20250401,3,1,88.67,2.42,21.05
139,20250401,4,1,44.18,48.6,30.63
140,20250401,5,1,7.76,-6.4,-2.07
141,20250501,1,1,17.97,-8.99,-0.89
142,20250501,2,1,30.74,-30.36,-7.39
143,20250501,3,1,86.51,-3.73,17.54
144,20250501,4,1,50.27,15.23,16.94
145,20250501,5,1,5.76,-3.58,-0.83
146,20250601,1,1,15.16,-9.5,-1.42
147,20250601,2,1,17.96,-53.1,-20.95
148,20250601,3,1,87.1,1.69,20.3
149,20250601,4,1,59.35,21.23,21.78
150,20250601,5,1,8.12,-5.41,-1.69
151,20250701,1,1,12.98,-11.56,-2.68
152,20250701,2,1,7.29,-94.96,-42.51
153,20250701,3,1,83.0,-7.42,14.75
154,20250701,4,1,64.03,12.28,19.26
155,20250701,5,1,4.83,-2.5,-0.4
156,20250801,1,1,12.66,-15.5,-4.84
157,20250801,2,1,52.95,3574.29,100
158,20250801,3,1,79.77,-6.83,13.78
159,20250801,4,1,70.36,5.18,16.78
160,20250801,5,1,4.9,-7.33,-2.63
161,20250901,1,1,13.8,-4.87,-0.16
162,20250901,2,1,25.69,-8.63,1.09
163,20250901,3,1,72.51,-13.34,8.61
164,20250901,4,1,74.28,4.59,17.17
165,20250901,5,1,7.06,1.98,1.58
166,20251001,1,1,12.61,-8.13,-1.8
167,20251001,2,1,22.74,-8.0,0.97
168,20251001,3,1,63.13,-8.69,9.43
169,20251001,4,1,82.62,15.61,24.49
170,20251001,5,1,4.19,1.94,1.57
171,20251101,1,1,9.43,-7.21,-1.52
172,20251101,2,1,21.97,0.65,4.89
173,20251101,3,1,56.24,-17.04,3.4
174,20251101,4,1,79.5,-3.48,15.29
175,20251101,5,1,6.55,-86.69,-38.79
176,20251201,1,1,11.44,13.43,8.01
177,20251201,2,1,21.34,-6.07,1.59
178,20251201,3,1,43.85,-19.17,0.32
179,20251201,4,1,89.32,14.54,25.85
180,20251201,5,1,46.48,3288.57,100
181,20260101,1,1,10.9,-1.87,1.08
182,20260101,2,1,23.4,1.76,5.19
183,20260101,3,1,34.26,-22.08,-2.97
184,20260101,4,1,88.35,-1.78,18.16
185,20260101,5,1,36.99,120.74,61.27
186,20260201,1,1,10.59,4.76,4.16
187,20260201,2,1,23.17,4.52,6.63
188,20260201,3,1,19.13,-47.35,-17.64
189,20260201,4,1,89.62,7.3,23.64
190,20260201,5,1,49.02,52.6,34.26
191,20260301,1,1,14.1,10.61,7.01
192,20260301,2,1,20.08,-4.69,2.27
193,20260301,3,1,5.51,-97.31,-43.57
194,20260301,4,1,87.67,-0.52,20.01
195,20260301,5,1,64.3,36.92,31.11
196,20260401,1,1,12.77,3.01,3.65
197,20260401,2,1,18.99,-5.02,1.9
198,20260401,3,1,57.91,7194.29,100
199,20260401,4,1,82.59,-7.66,15.25
200,20260401,5,1,77.44,21.86,27.51
201,20260501,1,1,13.13,6.12,5.19
202,20260501,2,1,20.83,0.51,4.41
203,20260501,3,1,31.44,-4.39,4.91
204,20260501,4,1,74.03,-6.82,14.35
205,20260501,5,1,89.22,17.97,28.93
206,20260601,1,1,13.96,-4.51,0.3
207,20260601,2,1,19.07,-10.21,-0.84
208,20260601,3,1,29.0,-9.71,1.85
209,20260601,4,1,68.17,-12.97,9.32
210,20260601,5,1,92.04,2.19,22.29
211,20230101,6,2,7.34,39.66,18.68
212,20230101,7,2,7.22,39.69,18.63
213,20230101,8,2,5.93,39.49,18.56
214,20230101,9,2,6.42,39.78,18.7
215,20230201,6,2,5.85,1.85,1.68
216,20230201,7,2,6.15,14.21,7.28
217,20230201,8,2,5.75,9.93,5.33
218,20230201,9,2,7.97,7.69,4.32
219,20230301,6,2,6.45,3.03,2.23
220,20230301,7,2,7.78,0.96,1.33
221,20230301,8,2,4.82,4.35,2.86
222,20230301,9,2,7.19,3.57,2.49
223,20230401,6,2,4.89,5.29,3.3
224,20230401,7,2,8.15,8.06,4.59
225,20230401,8,2,8.18,-0.64,0.61
226,20230401,9,2,5.74,5.52,3.42
227,20230501,6,2,7.95,5.59,3.48
228,20230501,7,2,4.79,-3.95,-0.85
229,20230501,8,2,5.41,2.9,2.23
230,20230501,9,2,5.8,2.61,2.13
231,20230601,6,2,6.11,-1.59,0.24
232,20230601,7,2,6.24,-0.46,0.71
233,20230601,8,2,8.71,4.7,3.08
234,20230601,9,2,6.43,1.27,1.54
235,20230701,6,2,6.6,-81.18,-36.31
236,20230701,7,2,6.54,3.21,2.4
237,20230701,8,2,6.47,-6.89,-2.2
238,20230701,9,2,7.31,-2.52,-0.19
239,20230801,6,2,54.3,3205.71,100
240,20230801,7,2,5.94,-2.22,-0.07
241,20230801,8,2,5.39,4.5,2.97
242,20230801,9,2,5.68,-5.81,-1.72
243,20230901,6,2,50.64,76.58,44.91
244,20230901,7,2,7.25,-3.18,-0.53
245,20230901,8,2,8.0,-6.46,-2.03
246,20230901,9,2,5.93,-4.11,-0.99
247,20231001,6,2,64.04,31.86,28.12
248,20231001,7,2,5.0,-11.74,-4.49
249,20231001,8,2,4.55,-3.95,-0.93
250,20231001,9,2,5.57,-3.57,-0.78
251,20231101,6,2,77.71,17.71,24.19
252,20231101,7,2,5.0,-5.85,-1.88
253,20231101,8,2,6.72,-6.85,-2.29
254,20231101,9,2,7.59,-8.15,-2.91
255,20231201,6,2,85.32,11.23,23.1
256,20231201,7,2,8.03,-80.23,-35.88
257,20231201,8,2,4.9,-4.41,-1.23
258,20231201,9,2,4.74,-5.65,-1.83
259,20240101,6,2,84.62,2.67,19.73
260,20240101,7,2,48.23,2442.86,100
261,20240101,8,2,7.42,-2.31,-0.3
262,20240101,9,2,5.2,0.0,0.71
263,20240201,6,2,77.75,-13.62,9.87
264,20240201,7,2,41.76,91.12,48.2
265,20240201,8,2,4.23,-6.69,-2.32
266,20240201,9,2,5.28,-7.69,-2.8
267,20240301,6,2,71.52,-9.85,10.0
268,20240301,7,2,52.03,47.03,31.75
269,20240301,8,2,7.12,-85.23,-38.13
270,20240301,9,2,7.2,-1.85,-0.19
271,20240401,6,2,59.79,-13.3,6.52
272,20240401,7,2,64.36,25.75,24.89
273,20240401,8,2,55.86,6288.57,100
274,20240401,9,2,4.89,9.43,4.95
275,20240501,6,2,44.76,-29.2,-4.28
276,20240501,7,2,77.8,20.79,25.43
277,20240501,8,2,63.25,91.37,53.5
278,20240501,9,2,6.69,1.72,1.5
279,20240601,6,2,27.16,-45.98,-15.91
280,20240601,7,2,85.92,17.93,27.02
281,20240601,8,2,85.05,47.91,39.88
282,20240601,9,2,7.87,5.93,3.43
283,20240701,6,2,6.76,-96.26,-43.1
284,20240701,7,2,90.19,6.63,23.19
285,20240701,8,2,91.92,12.72,26.38
286,20240701,9,2,7.92,-72.0,-32.18
287,20240801,6,2,55.28,3400.0,100
288,20240801,7,2,91.91,3.62,22.57
289,20240801,8,2,88.48,-3.48,18.37
290,20240801,9,2,49.57,1882.86,100
291,20240901,6,2,30.12,-1.71,5.39
292,20240901,7,2,88.06,-2.85,19.06
293,20240901,8,2,69.49,-19.17,7.49
294,20240901,9,2,42.52,105.76,56.32
295,20241001,6,2,24.85,-8.47,1.83
296,20241001,7,2,75.89,-14.81,10.67
297,20241001,8,2,40.96,-45.33,-11.59
298,20241001,9,2,57.8,52.1,36.72
299,20241101,6,2,23.23,-6.35,2.42
300,20241101,7,2,64.0,-14.94,8.02
301,20241101,8,2,8.79,-98.85,-44.26
302,20241101,9,2,71.29,22.84,26.58
303,20241201,6,2,21.67,-13.86,-1.69
304,20241201,7,2,46.84,-32.74,-4.82
305,20241201,8,2,56.52,6520.0,100
306,20241201,9,2,86.28,21.59,29.54
307,20250101,6,2,18.58,-14.74,-2.75
308,20250101,7,2,24.49,-48.17,-16.54
309,20250101,8,2,28.91,-14.03,-0.55
310,20250101,9,2,94.5,11.87,27.34
311,20250201,6,2,18.28,-12.4,-2.18
312,20250201,7,2,7.64,-97.12,-43.48
313,20250201,8,2,24.18,-22.44,-5.63
314,20250201,9,2,95.0,4.74,24.13
315,20250301,6,2,14.21,-8.28,-0.61
316,20250301,7,2,57.03,4551.43,100
317,20250301,8,2,20.15,-19.35,-5.1
318,20250301,9,2,95.07,-4.89,19.8
319,20250401,6,2,14.11,-20.85,-6.92
320,20250401,7,2,29.56,-14.5,-0.64
321,20250401,8,2,15.54,-17.01,-4.66
322,20250401,9,2,91.57,-5.59,18.34
323,20250501,6,2,14.15,-12.86,-3.64
324,20250501,7,2,25.36,-19.4,-3.98
325,20250501,8,2,13.49,-22.15,-7.64
326,20250501,9,2,83.69,-9.35,14.7
327,20250601,6,2,12.22,-13.33,-4.14
328,20250601,7,2,21.95,-12.3,-1.37
329,20250601,8,2,13.25,-14.41,-4.49
330,20250601,9,2,70.0,-21.59,5.11
331,20250701,6,2,11.06,-7.14,-1.48
332,20250701,7,2,18.58,-15.45,-3.43
333,20250701,8,2,9.48,-13.79,-4.49
334,20250701,9,2,62.59,-13.4,6.81
335,20250801,6,2,10.34,-0.59,1.45
336,20250801,7,2,17.28,-4.81,1.19
337,20250801,8,2,11.68,3.87,3.53
338,20250801,9,2,49.21,-21.85,0.2
339,20250901,6,2,12.22,0.0,1.72
340,20250901,7,2,15.32,-16.41,-4.58
341,20250901,8,2,10.52,-3.89,-0.03
342,20250901,9,2,33.17,-33.5,-8.4
343,20251001,6,2,10.59,-0.89,1.3
344,20251001,7,2,13.61,-0.91,2.37
345,20251001,8,2,9.89,3.71,3.45
346,20251001,9,2,19.06,-51.47,-19.92
347,20251101,6,2,10.89,7.51,5.21
348,20251101,7,2,13.14,-8.84,-1.45
349,20251101,8,2,11.65,1.14,2.31
350,20251101,9,2,7.36,-93.4,-41.81
351,20251201,6,2,10.78,0.0,1.83
352,20251201,7,2,13.04,-8.19,-1.36
353,20251201,8,2,10.4,5.31,4.29
354,20251201,9,2,53.27,2497.14,100
355,20260101,6,2,10.21,12.01,7.46
356,20260101,7,2,13.35,-4.37,0.26
357,20260101,8,2,10.53,1.07,2.4
358,20260101,9,2,27.52,0.99,6.06
359,20260201,6,2,11.14,5.74,4.75
360,20260201,7,2,13.82,-2.1,1.23
361,20260201,8,2,11.5,7.55,5.46
362,20260201,9,2,25.3,-1.74,4.73
363,20260301,6,2,13.33,5.42,4.73
364,20260301,7,2,12.52,4.28,4.19
365,20260301,8,2,10.6,7.3,5.5
366,20260301,9,2,26.32,-0.78,5.12
367,20260401,6,2,11.61,-2.91,0.91
368,20260401,7,2,12.59,-0.19,2.18
369,20260401,8,2,11.59,3.93,4.07
370,20260401,9,2,24.1,-4.69,3.1
371,20260501,6,2,12.67,8.99,6.47
372,20260501,7,2,14.21,6.17,5.18
373,20260501,8,2,13.8,6.17,5.22
374,20260501,9,2,22.34,-5.16,2.62
375,20260601,6,2,13.59,-5.29,-0.09
376,20260601,7,2,11.19,-1.94,1.48
377,20260601,8,2,12.82,-4.39,0.36
378,20260601,9,2,20.13,-10.51,-0.31
379,20230101,10,3,7.52,38.96,18.34
380,20230101,11,3,9.55,39.09,18.41
381,20230101,12,3,9.21,38.92,18.32
382,20230101,13,3,8.82,39.31,18.51
383,20230201,10,3,6.75,2.34,1.88
384,20230201,11,3,6.12,1.31,1.42
385,20230201,12,3,7.56,7.33,4.17
386,20230201,13,3,6.91,0.99,1.28
387,20230301,10,3,5.69,9.13,5.01
388,20230301,11,3,5.89,3.23,2.31
389,20230301,12,3,7.75,0.0,0.87
390,20230301,13,3,7.45,12.25,6.45
391,20230401,10,3,7.51,0.42,1.1
392,20230401,11,3,6.69,6.88,4.01
393,20230401,12,3,7.13,9.64,5.29
394,20230401,13,3,7.28,0.0,0.93
395,20230501,10,3,7.1,4.17,2.82
396,20230501,11,3,6.1,4.09,2.8
397,20230501,12,3,6.49,-0.37,0.78
398,20230501,13,3,5.06,-1.31,0.33
399,20230601,10,3,6.86,0.0,0.95
400,20230601,11,3,8.3,-4.49,-1.11
401,20230601,12,3,8.22,-4.41,-1.08
402,20230601,13,3,7.67,6.19,3.76
403,20230701,10,3,5.06,1.2,1.5
404,20230701,11,3,5.47,2.35,1.99
405,20230701,12,3,7.67,-0.38,0.73
406,20230701,13,3,8.34,-3.75,-0.75
407,20230801,10,3,4.81,-6.72,-2.13
408,20230801,11,3,6.52,-4.6,-1.18
409,20230801,12,3,5.85,3.09,2.32
410,20230801,13,3,7.26,-2.6,-0.25
411,20230901,10,3,6.44,-85.17,-38.11
412,20230901,11,3,7.08,-4.22,-1.05
413,20230901,12,3,5.66,-5.99,-1.82
414,20230901,13,3,6.03,-2.22,-0.1
415,20231001,10,3,45.16,1914.29,100
416,20231001,11,3,8.08,-6.29,-2.03
417,20231001,12,3,4.92,-7.57,-2.6
418,20231001,13,3,7.43,-7.73,-2.65
419,20231101,10,3,30.49,88.23,44.74
420,20231101,11,3,6.81,-6.04,-1.97
421,20231101,12,3,7.64,-7.33,-2.55
422,20231101,13,3,5.42,-2.96,-0.53
423,20231201,10,3,38.52,44.76,27.43
424,20231201,11,3,6.66,-5.0,-1.54
425,20231201,12,3,5.13,-3.26,-0.74
426,20231201,13,3,8.04,-12.18,-4.78
427,20240101,10,3,45.77,26.03,20.9
428,20240101,11,3,4.91,-73.68,-32.94
429,20240101,12,3,6.84,-1.92,-0.15
430,20240101,13,3,7.03,-1.73,-0.09
431,20240201,10,3,51.05,7.06,13.01
432,20240201,11,3,44.53,1205.71,100
433,20240201,12,3,7.82,-9.31,-3.54
434,20240201,13,3,6.17,-1.76,-0.11
435,20240301,10,3,60.01,20.41,21.02
436,20240301,11,3,28.5,94.75,47.41
437,20240301,12,3,6.35,4.86,2.86
438,20240301,13,3,7.25,0.0,0.68
439,20240401,10,3,65.02,14.67,20.18
440,20240401,11,3,38.26,44.16,26.76
441,20240401,12,3,5.62,0.52,0.92
442,20240401,13,3,6.88,-3.59,-0.96
443,20240501,10,3,77.06,18.27,24.28
444,20240501,11,3,50.24,42.48,28.93
445,20240501,12,3,7.2,-82.05,-36.7
446,20240501,13,3,7.53,11.18,5.76
447,20240601,10,3,81.59,11.48,23.07
448,20240601,11,3,58.47,21.72,21.71
449,20240601,12,3,45.74,2257.14,100
450,20240601,13,3,7.97,2.23,1.75
451,20240701,10,3,89.93,10.28,24.36
452,20240701,11,3,69.94,25.8,26.63
453,20240701,12,3,34.66,107.64,54.42
454,20240701,13,3,5.99,6.01,3.49
455,20240801,10,3,92.1,4.21,22.46
456,20240801,11,3,78.48,15.08,24.07
457,20240801,12,3,47.06,67.31,40.3
458,20240801,13,3,8.72,11.34,5.98
459,20240901,10,3,96.16,12.78,27.75
460,20240901,11,3,89.19,18.91,29.06
461,20240901,12,3,59.36,31.44,27.3
462,20240901,13,3,7.24,-2.31,-0.18
463,20241001,10,3,95.8,-5.43,19.49
464,20241001,11,3,92.94,4.41,23.44
465,20241001,12,3,69.14,21.45,25.63
466,20241001,13,3,5.5,8.06,4.56
467,20241101,10,3,96.02,2.47,23.11
468,20241101,11,3,95.45,11.68,27.26
469,20241101,12,3,82.91,21.18,28.89
470,20241101,13,3,8.72,4.39,2.95
471,20241201,10,3,94.05,-0.84,21.62
472,20241201,11,3,94.82,0.67,22.3
473,20241201,12,3,87.93,4.92,22.53
474,20241201,13,3,8.0,-5.88,-1.73
475,20250101,10,3,88.49,-9.82,15.68
476,20250101,11,3,93.96,-4.94,19.78
477,20250101,12,3,93.12,6.72,24.7
478,20250101,13,3,5.59,-84.38,-37.75
479,20250201,10,3,79.6,-11.36,12.71
480,20250201,11,3,95.16,-3.25,20.54
481,20250201,12,3,94.24,6.94,25.12
482,20250201,13,3,49.85,2942.86,100
483,20250301,10,3,69.64,-14.22,8.89
484,20250301,11,3,86.76,-11.15,14.7
485,20250301,12,3,94.62,-10.06,16.32
486,20250301,13,3,43.91,94.27,50.85
487,20250401,10,3,58.47,-14.74,6.4
488,20250401,11,3,78.87,-8.49,14.22
489,20250401,12,3,91.77,0.92,21.46
490,20250401,13,3,54.1,37.07,28.24
491,20250501,10,3,45.88,-28.55,-3.53
492,20250501,11,3,69.06,-20.4,5.18
493,20250501,12,3,83.73,-13.26,12.29
494,20250501,13,3,65.6,25.88,26.19
495,20250601,10,3,36.19,-25.46,-4.52
496,20250601,11,3,57.31,-13.42,6.39
497,20250601,12,3,78.88,-9.41,12.3
498,20250601,13,3,71.98,8.4,19.55
499,20250701,10,3,26.13,-35.85,-11.68
500,20250701,11,3,49.07,-18.82,1.62
501,20250701,12,3,70.86,-12.19,9.03
502,20250701,13,3,76.87,-1.78,14.68
503,20250801,10,3,13.54,-49.83,-20.19
504,20250801,11,3,37.18,-30.09,-6.49
505,20250801,12,3,58.8,-14.36,5.97
506,20250801,13,3,77.71,4.63,18.29
507,20250901,10,3,9.02,-94.06,-42.11
508,20250901,11,3,25.63,-31.33,-9.25
509,20250901,12,3,48.3,-23.22,-0.9
510,20250901,13,3,81.51,1.76,17.28
511,20251001,10,3,54.04,4288.57,100
512,20251001,11,3,16.2,-48.28,-19.22
513,20251001,12,3,41.64,-17.04,0.25
514,20251001,13,3,78.51,0.12,16.56
515,20251101,10,3,27.58,-3.71,3.94
516,20251101,11,3,8.41,-92.51,-41.41
517,20251101,12,3,27.39,-29.89,-7.9
518,20251101,13,3,75.98,-5.33,13.23
519,20251201,10,3,25.32,-8.52,1.3
520,20251201,11,3,53.95,2985.71,100
521,20251201,12,3,16.72,-44.53,-16.96
522,20251201,13,3,73.09,-1.28,14.85
523,20260101,10,3,27.33,5.99,8.13
524,20260101,11,3,28.52,6.11,8.9
525,20260101,12,3,6.59,-96.03,-42.99
526,20260101,13,3,63.45,-9.22,9.86
527,20260201,10,3,27.05,3.07,6.99
528,20260201,11,3,29.53,-7.77,2.18
529,20260201,12,3,55.62,5125.71,100
530,20260201,13,3,52.94,-15.91,4.62
531,20260301,10,3,26.85,-6.7,2.22
532,20260301,11,3,27.27,6.24,8.83
533,20260301,12,3,31.36,0.38,6.58
534,20260301,13,3,39.84,-25.35,-2.62
535,20260401,10,3,25.06,-0.73,4.86
536,20260401,11,3,25.31,-3.21,4.39
537,20260401,12,3,28.49,3.27,8.09
538,20260401,13,3,21.65,-50.32,-18.28
539,20260501,10,3,24.21,-3.36,3.51
540,20260501,11,3,25.7,-6.53,2.51
541,20260501,12,3,26.51,-7.12,2.94
542,20260501,13,3,8.0,-96.74,-43.31
543,20260601,10,3,23.07,-6.88,1.58
544,20260601,11,3,24.58,-3.15,3.86
545,20260601,12,3,27.93,-5.62,3.27
546,20260601,13,3,58.07,4988.57,100
547,20230101,14,4,6.3,39.34,18.52
548,20230101,15,4,8.13,40.2,18.9
549,20230101,16,4,7.81,39.63,18.65
550,20230101,17,4,8.21,39.13,18.39
551,20230201,14,4,8.06,2.35,1.89
552,20230201,15,4,5.08,1.4,1.45
553,20230201,16,4,5.5,0.87,1.21
554,20230201,17,4,5.81,10.94,5.79
555,20230301,14,4,4.93,-79.89,-35.73
556,20230301,15,4,8.1,13.79,7.14
557,20230301,16,4,6.21,10.39,5.58
558,20230301,17,4,5.47,3.52,2.48
559,20230401,14,4,50.17,2560.0,100
560,20230401,15,4,5.33,-3.64,-0.74
561,20230401,16,4,7.99,1.57,1.63
562,20230401,17,4,5.88,3.4,2.46
563,20230501,14,4,41.16,95.17,51.52
564,20230501,15,4,6.66,5.03,3.21
565,20230501,16,4,4.9,1.54,1.63
566,20230501,17,4,6.54,0.66,1.23
567,20230601,14,4,59.66,47.77,34.34
568,20230601,15,4,6.93,-79.04,-35.35
569,20230601,16,4,5.13,1.14,1.46
570,20230601,17,4,6.29,2.61,2.13
571,20230701,14,4,74.29,28.6,29.39
572,20230701,15,4,47.48,1671.43,100
573,20230701,16,4,4.74,-0.38,0.77
574,20230701,17,4,5.15,0.0,0.96
575,20230801,14,4,81.06,13.32,24.71
576,20230801,15,4,38.8,107.42,55.59
577,20230801,16,4,7.24,-6.42,-2.01
578,20230801,17,4,7.3,-4.46,-1.09
579,20230901,14,4,84.51,1.74,19.82
580,20230901,15,4,44.88,34.29,25.17
581,20230901,16,4,5.87,-5.24,-1.52
582,20230901,17,4,6.12,-8.67,-3.06
583,20231001,14,4,87.75,3.87,21.52
584,20231001,15,4,54.2,23.62,22.67
585,20231001,16,4,4.88,-3.83,-0.92
586,20231001,17,4,7.94,-4.38,-1.17
587,20231101,14,4,90.35,1.84,20.97
588,20231101,15,4,60.91,10.12,17.82
589,20231101,16,4,5.48,-0.88,0.4
590,20231101,17,4,7.55,-6.11,-2.0
591,20231201,14,4,82.44,-14.03,11.0
592,20231201,15,4,70.99,13.4,21.07
593,20231201,16,4,4.36,-4.02,-1.05
594,20231201,17,4,5.09,-5.69,-1.85
595,20240101,14,4,77.45,-6.35,13.36
596,20240101,15,4,73.94,3.23,16.98
597,20240101,16,4,8.11,-7.91,-2.86
598,20240101,17,4,5.81,0.0,0.71
599,20240201,14,4,66.79,-13.98,7.65
600,20240201,15,4,76.62,3.52,17.65
601,20240201,16,4,4.88,-82.32,-36.82
602,20240201,17,4,5.97,1.72,1.5
603,20240301,14,4,59.31,-15.29,4.93
604,20240301,15,4,81.49,3.72,18.34
605,20240301,16,4,43.17,1485.71,100
606,20240301,17,4,4.63,-5.93,-1.99
607,20240401,14,4,49.39,-16.56,2.4
608,20240401,15,4,80.77,-1.22,15.92
609,20240401,16,4,23.49,96.04,47.08
610,20240401,17,4,6.53,-1.8,-0.14
611,20240501,14,4,36.12,-28.04,-5.53
612,20240501,15,4,81.4,5.48,19.84
613,20240501,16,4,33.49,62.68,34.49
614,20240501,17,4,5.67,7.34,4.02
615,20240601,14,4,20.16,-48.82,-18.34
616,20240601,15,4,80.13,1.36,18.22
617,20240601,16,4,41.05,37.4,25.46
618,20240601,17,4,7.22,5.98,3.45
619,20240701,14,4,8.11,-95.39,-42.71
620,20240701,15,4,80.24,-2.02,16.34
621,20240701,16,4,50.37,26.03,22.59
622,20240701,17,4,5.23,2.42,1.87
623,20240801,14,4,55.64,3720.0,100
624,20240801,15,4,76.57,-1.14,16.54
625,20240801,16,4,61.01,22.84,23.64
626,20240801,17,4,5.65,8.66,4.74
627,20240901,14,4,29.52,0.07,6.43
628,20240901,15,4,68.76,-11.81,9.72
629,20240901,16,4,71.21,18.43,24.12
630,20240901,17,4,8.07,9.42,5.16
631,20241001,14,4,26.67,-3.66,4.52
632,20241001,15,4,59.12,-12.04,7.81
633,20241001,16,4,77.68,15.72,25.38
634,20241001,17,4,8.43,3.31,2.44
635,20241101,14,4,28.25,-8.22,1.96
636,20241101,15,4,47.24,-20.43,1.33
637,20241101,16,4,89.13,12.75,26.38
638,20241101,17,4,6.59,1.28,1.54
639,20241201,14,4,26.09,-3.97,3.65
640,20241201,15,4,32.73,-30.01,-6.14
641,20241201,16,4,93.74,4.71,23.74
642,20241201,17,4,7.04,-3.8,-0.78
643,20250101,14,4,21.93,-11.71,-0.47
644,20250101,15,4,20.99,-50.15,-18.9
645,20250101,16,4,92.93,5.47,24.46
646,20250101,17,4,5.48,-76.97,-34.42
647,20250201,14,4,19.56,-12.66,-1.51
648,20250201,15,4,8.65,-94.62,-42.36
649,20250201,16,4,95.55,-0.51,21.77
650,20250201,17,4,47.19,1488.57,100
651,20250301,14,4,18.91,-11.42,-1.43
652,20250301,15,4,57.95,3554.29,100
653,20250301,16,4,97.31,-2.07,21.07
654,20250301,17,4,34.15,90.29,47.1
655,20250401,14,4,18.19,-15.34,-3.76
656,20250401,15,4,28.76,-10.71,1.62
657,20250401,16,4,92.09,-7.4,17.24
658,20250401,17,4,46.13,43.1,28.65
659,20250501,14,4,16.06,-5.33,0.58
660,20250501,15,4,27.83,-16.55,-2.07
661,20250501,16,4,86.37,-8.9,14.73
662,20250501,17,4,52.9,22.32,21.36
663,20250601,14,4,14.19,-19.13,-6.2
664,20250601,15,4,24.73,-7.76,1.47
665,20250601,16,4,88.18,1.48,19.68
666,20250601,17,4,63.2,14.85,19.68
667,20250701,14,4,14.7,-9.15,-1.93
668,20250701,15,4,21.45,-14.22,-2.15
669,20250701,16,4,81.42,-8.53,13.55
670,20250701,17,4,66.35,8.65,18.01
671,20250801,14,4,12.28,-11.16,-3.08
672,20250801,15,4,20.77,-12.33,-1.82
673,20250801,16,4,75.8,-9.67,11.36
674,20250801,17,4,75.62,11.42,20.88
675,20250901,14,4,10.73,-4.43,-0.14
676,20250901,15,4,20.6,2.12,4.76
677,20250901,16,4,73.31,-4.36,13.07
678,20250901,17,4,76.07,-2.91,13.97
679,20251001,14,4,9.82,-9.54,-2.61
680,20251001,15,4,20.06,-5.33,1.21
681,20251001,16,4,64.41,-15.04,6.0
682,20251001,17,4,80.4,10.8,21.79
683,20251101,14,4,11.72,7.12,5.0
684,20251101,15,4,16.11,-11.42,-1.95
685,20251101,16,4,62.44,3.25,14.64
686,20251101,17,4,82.19,2.42,18.43
687,20251201,14,4,10.3,0.53,2.05
688,20251201,15,4,16.28,0.71,3.54
689,20251201,16,4,57.05,-12.22,6.07
690,20251201,17,4,87.33,10.15,23.67
691,20260101,14,4,14.03,14.29,8.5
692,20260101,15,4,15.88,-1.58,2.45
693,20260101,16,4,48.0,-8.8,6.59
694,20260101,17,4,85.7,-3.36,16.94
695,20260201,14,4,11.35,-0.46,1.85
696,20260201,15,4,17.13,2.32,4.28
697,20260201,16,4,42.63,-11.1,4.39
698,20260201,17,4,83.95,3.61,20.75
699,20260301,14,4,10.97,5.12,4.47
700,20260301,15,4,16.56,-5.23,0.72
701,20260301,16,4,36.68,-19.33,-1.13
702,20260301,17,4,79.48,-4.25,16.4
703,20260401,14,4,13.95,7.96,5.92
704,20260401,15,4,16.16,-5.51,0.42
705,20260401,16,4,23.48,-34.97,-10.82
706,20260401,17,4,72.57,-9.18,12.5
707,20260501,14,4,10.51,-2.87,0.97
708,20260501,15,4,16.17,-1.95,1.96
709,20260501,16,4,15.26,-48.88,-19.48
710,20260501,17,4,60.28,-18.23,5.39
711,20260601,14,4,12.99,5.91,5.06
712,20260601,15,4,14.06,-7.94,-0.96
713,20260601,16,4,5.54,-95.06,-42.56
714,20260601,17,4,45.82,-23.64,-0.26
